Workbook

Sheet Dashboard
A1: VERTRAGSEINGÄNGE (KW) | L1: CONVERSION RATE
B2: Verträge Gesamt | L2: Leads Gesamt | O2: Reife Conv. Rate
B3: =IF($E$4="Alle",COUNTA(Vertragseingänge!E4:E500),COUNTIFS(Vertragseingänge!$C$4:$C$500,$E$4*1,Vertragseingänge!$E$4:$E$500,"<>")) -> 180 | L3: =IF($E$4="Alle",SUM('Leads Rohdaten'!D4:D503),SUMIFS('Leads Rohdaten'!$D$4:$D$503,'Leads Rohdaten'!$A$4:$A$503,$E$4*1)) -> 1235 | O3: =IF($E$4="Alle",IF(SUMIFS('Leads Rohdaten'!$D$4:$D$503,'Leads Rohdaten'!$H$4:$H$503,"Reif")=0,"-",SUMIFS('Leads Rohdaten'!$E$4:$E$503,'Leads Rohdaten'!$H$4:$H$503,"Reif")/SUMIFS('Leads Rohdaten'!$D$4:$D$503,'Leads Rohdaten'!$H$4:$H$503,"Reif")),IF(SUMIFS('Leads Rohdaten'!$D$4:$D$503,'Leads Rohdaten'!$H$4:$H$503,"Reif",'Leads Rohdaten'!$A$4:$A$503,$E$4*1)=0,"-",SUMIFS('Leads Rohdaten'!$E$4:$E$503,'Leads Rohdaten'!$H$4:$H$503,"Reif",'Leads Rohdaten'!$A$4:$A$503,$E$4*1)/SUMIFS('Leads Rohdaten'!$D$4:$D$503,'Leads Rohdaten'!$H$4:$H$503,"Reif",'Leads Rohdaten'!$A$4:$A$503,$E$4*1))) -> 0.04180791
A4: Jahr-Filter: | E4: 2026 | G4: ← Jahr wählen (Alle / 2025 / 2026) | L4: =" Anzeige für: "&$E$4&" | Maturity: "&Steuerung!$C$27&" Tage" -> Anzeige für: 2026 | Maturity: 90 Tage
A5: KW | B5: Ges. | C5: =IF(Steuerung!B16="","",Steuerung!C16) -> Fatima | D5: =IF(Steuerung!B17="","",Steuerung!C17) -> Gabriella | E5: =IF(Steuerung!B18="","",Steuerung!C18) -> Gerd | F5: =IF(Steuerung!B19="","",Steuerung!C19) -> David | G5: =IF(Steuerung!B20="","",Steuerung!C20) -> Nicole | H5: =IF(Steuerung!B21="","",Steuerung!C21) -> Drilan | I5: =IF(Steuerung!B22="","",Steuerung!C22) -> Salvat. | J5: Sonst. | L5: REIFE CONVERSION RATE (Leads ≥ Maturity-Schwelle)
A6: KW 2 | B6: =IF($E$4="Alle",COUNTIFS(Vertragseingänge!$A$4:$A$500,A6),COUNTIFS(Vertragseingänge!$A$4:$A$500,A6,Vertragseingänge!$C$4:$C$500,$E$4*1)) -> 3 | C6: =IFERROR(IF(Steuerung!$B$16="","",IF($E$4="Alle",IF(COUNTIFS(Vertragseingänge!$A$4:$A$500,A6,Vertragseingänge!$E$4:$E$500,Steuerung!$B$16)=0,"",COUNTIFS(Vertragseingänge!$A$4:$A$500,A6,Vertragseingänge!$E$4:$E$500,Steuerung!$B$16)),IF(COUNTIFS(Vertragseingänge!$A$4:$A$500,A6,Vertragseingänge!$E$4:$E$500,Steuerung!$B$16,Vertragseingänge!$C$4:$C$500,$E$4*1)=0,"",COUNTIFS(Vertragseingänge!$A$4:$A$500,A6,Vertragseingänge!$E$4:$E$500,Steuerung!$B$16,Vertragseingänge!$C$4:$C$500,$E$4*1)))),"") -> 1 | D6: =IFERROR(IF(Steuerung!$B$17="","",IF($E$4="Alle",IF(COUNTIFS(Vertragseingänge!$A$4:$A$500,A6,Vertragseingänge!$E$4:$E$500,Steuerung!$B$17)=0,"",COUNTIFS(Vertragseingänge!$A$4:$A$500,A6,Vertragseingänge!$E$4:$E$500,Steuerung!$B$17)),IF(COUNTIFS(Vertragseingänge!$A$4:$A$500,A6,Vertragseingänge!$E$4:$E$500,Steuerung!$B$17,Vertragseingänge!$C$4:$C$500,$E$4*1)=0,"",COUNTIFS(Vertragseingänge!$A$4:$A$500,A6,Vertragseingänge!$E$4:$E$500,Steuerung!$B$17,Vertragseingänge!$C$4:$C$500,$E$4*1)))),"") | E6: =IFERROR(IF(Steuerung!$B$18="","",IF($E$4="Alle",IF(COUNTIFS(Vertragseingänge!$A$4:$A$500,A6,Vertragseingänge!$E$4:$E$500,Steuerung!$B$18)=0,"",COUNTIFS(Vertragseingänge!$A$4:$A$500,A6,Vertragseingänge!$E$4:$E$500,Steuerung!$B$18)),IF(COUNTIFS(Vertragseingänge!$A$4:$A$500,A6,Vertragseingänge!$E$4:$E$500,Steuerung!$B$18,Vertragseingänge!$C$4:$C$500,$E$4*1)=0,"",COUNTIFS(Vertragseingänge!$A$4:$A$500,A6,Vertragseingänge!$E$4:$E$500,Steuerung!$B$18,Vertragseingänge!$C$4:$C$500,$E$4*1)))),"") -> 2 | F6: =IFERROR(IF(Steuerung!$B$19="","",IF($E$4="Alle",IF(COUNTIFS(Vertragseingänge!$A$4:$A$500,A6,Vertragseingänge!$E$4:$E$500,Steuerung!$B$19)=0,"",COUNTIFS(Vertragseingänge!$A$4:$A$500,A6,Vertragseingänge!$E$4:$E$500,Steuerung!$B$19)),IF(COUNTIFS(Vertragseingänge!$A$4:$A$500,A6,Vertragseingänge!$E$4:$E$500,Steuerung!$B$19,Vertragseingänge!$C$4:$C$500,$E$4*1)=0,"",COUNTIFS(Vertragseingänge!$A$4:$A$500,A6,Vertragseingänge!$E$4:$E$500,Steuerung!$B$19,Vertragseingänge!$C$4:$C$500,$E$4*1)))),"") | G6: =IFERROR(IF(Steuerung!$B$20="","",IF($E$4="Alle",IF(COUNTIFS(Vertragseingänge!$A$4:$A$500,A6,Vertragseingänge!$E$4:$E$500,Steuerung!$B$20)=0,"",COUNTIFS(Vertragseingänge!$A$4:$A$500,A6,Vertragseingänge!$E$4:$E$500,Steuerung!$B$20)),IF(COUNTIFS(Vertragseingänge!$A$4:$A$500,A6,Vertragseingänge!$E$4:$E$500,Steuerung!$B$20,Vertragseingänge!$C$4:$C$500,$E$4*1)=0,"",COUNTIFS(Vertragseingänge!$A$4:$A$500,A6,Vertragseingänge!$E$4:$E$500,Steuerung!$B$20,Vertragseingänge!$C$4:$C$500,$E$4*1)))),"") | H6: =IFERROR(IF(Steuerung!$B$21="","",IF($E$4="Alle",IF(COUNTIFS(Vertragseingänge!$A$4:$A$500,A6,Vertragseingänge!$E$4:$E$500,Steuerung!$B$21)=0,"",COUNTIFS(Vertragseingänge!$A$4:$A$500,A6,Vertragseingänge!$E$4:$E$500,Steuerung!$B$21)),IF(COUNTIFS(Vertragseingänge!$A$4:$A$500,A6,Vertragseingänge!$E$4:$E$500,Steuerung!$B$21,Vertragseingänge!$C$4:$C$500,$E$4*1)=0,"",COUNTIFS(Vertragseingänge!$A$4:$A$500,A6,Vertragseingänge!$E$4:$E$500,Steuerung!$B$21,Vertragseingänge!$C$4:$C$500,$E$4*1)))),"") | I6: =IFERROR(IF(Steuerung!$B$22="","",IF($E$4="Alle",IF(COUNTIFS(Vertragseingänge!$A$4:$A$500,A6,Vertragseingänge!$E$4:$E$500,Steuerung!$B$22)=0,"",COUNTIFS(Vertragseingänge!$A$4:$A$500,A6,Vertragseingänge!$E$4:$E$500,Steuerung!$B$22)),IF(COUNTIFS(Vertragseingänge!$A$4:$A$500,A6,Vertragseingänge!$E$4:$E$500,Steuerung!$B$22,Vertragseingänge!$C$4:$C$500,$E$4*1)=0,"",COUNTIFS(Vertragseingänge!$A$4:$A$500,A6,Vertragseingänge!$E$4:$E$500,Steuerung!$B$22,Vertragseingänge!$C$4:$C$500,$E$4*1)))),"") | J6: =IFERROR(IF(B6-SUM(C6:I6)=0,"",B6-SUM(C6:I6)),"") | L6: Verkäufer | M6: Leads | N6: Vertr. | O6: Conv.%
A7: KW 3 | B7: =IF($E$4="Alle",COUNTIFS(Vertragseingänge!$A$4:$A$500,A7),COUNTIFS(Vertragseingänge!$A$4:$A$500,A7,Vertragseingänge!$C$4:$C$500,$E$4*1)) -> 1 | C7: =IFERROR(IF(Steuerung!$B$16="","",IF($E$4="Alle",IF(COUNTIFS(Vertragseingänge!$A$4:$A$500,A7,Vertragseingänge!$E$4:$E$500,Steuerung!$B$16)=0,"",COUNTIFS(Vertragseingänge!$A$4:$A$500,A7,Vertragseingänge!$E$4:$E$500,Steuerung!$B$16)),IF(COUNTIFS(Vertragseingänge!$A$4:$A$500,A7,Vertragseingänge!$E$4:$E$500,Steuerung!$B$16,Vertragseingänge!$C$4:$C$500,$E$4*1)=0,"",COUNTIFS(Vertragseingänge!$A$4:$A$500,A7,Vertragseingänge!$E$4:$E$500,Steuerung!$B$16,Vertragseingänge!$C$4:$C$500,$E$4*1)))),"") | D7: =IFERROR(IF(Steuerung!$B$17="","",IF($E$4="Alle",IF(COUNTIFS(Vertragseingänge!$A$4:$A$500,A7,Vertragseingänge!$E$4:$E$500,Steuerung!$B$17)=0,"",COUNTIFS(Vertragseingänge!$A$4:$A$500,A7,Vertragseingänge!$E$4:$E$500,Steuerung!$B$17)),IF(COUNTIFS(Vertragseingänge!$A$4:$A$500,A7,Vertragseingänge!$E$4:$E$500,Steuerung!$B$17,Vertragseingänge!$C$4:$C$500,$E$4*1)=0,"",COUNTIFS(Vertragseingänge!$A$4:$A$500,A7,Vertragseingänge!$E$4:$E$500,Steuerung!$B$17,Vertragseingänge!$C$4:$C$500,$E$4*1)))),"") -> 1 | E7: =IFERROR(IF(Steuerung!$B$18="","",IF($E$4="Alle",IF(COUNTIFS(Vertragseingänge!$A$4:$A$500,A7,Vertragseingänge!$E$4:$E$500,Steuerung!$B$18)=0,"",COUNTIFS(Vertragseingänge!$A$4:$A$500,A7,Vertragseingänge!$E$4:$E$500,Steuerung!$B$18)),IF(COUNTIFS(Vertragseingänge!$A$4:$A$500,A7,Vertragseingänge!$E$4:$E$500,Steuerung!$B$18,Vertragseingänge!$C$4:$C$500,$E$4*1)=0,"",COUNTIFS(Vertragseingänge!$A$4:$A$500,A7,Vertragseingänge!$E$4:$E$500,Steuerung!$B$18,Vertragseingänge!$C$4:$C$500,$E$4*1)))),"") | F7: =IFERROR(IF(Steuerung!$B$19="","",IF($E$4="Alle",IF(COUNTIFS(Vertragseingänge!$A$4:$A$500,A7,Vertragseingänge!$E$4:$E$500,Steuerung!$B$19)=0,"",COUNTIFS(Vertragseingänge!$A$4:$A$500,A7,Vertragseingänge!$E$4:$E$500,Steuerung!$B$19)),IF(COUNTIFS(Vertragseingänge!$A$4:$A$500,A7,Vertragseingänge!$E$4:$E$500,Steuerung!$B$19,Vertragseingänge!$C$4:$C$500,$E$4*1)=0,"",COUNTIFS(Vertragseingänge!$A$4:$A$500,A7,Vertragseingänge!$E$4:$E$500,Steuerung!$B$19,Vertragseingänge!$C$4:$C$500,$E$4*1)))),"") | G7: =IFERROR(IF(Steuerung!$B$20="","",IF($E$4="Alle",IF(COUNTIFS(Vertragseingänge!$A$4:$A$500,A7,Vertragseingänge!$E$4:$E$500,Steuerung!$B$20)=0,"",COUNTIFS(Vertragseingänge!$A$4:$A$500,A7,Vertragseingänge!$E$4:$E$500,Steuerung!$B$20)),IF(COUNTIFS(Vertragseingänge!$A$4:$A$500,A7,Vertragseingänge!$E$4:$E$500,Steuerung!$B$20,Vertragseingänge!$C$4:$C$500,$E$4*1)=0,"",COUNTIFS(Vertragseingänge!$A$4:$A$500,A7,Vertragseingänge!$E$4:$E$500,Steuerung!$B$20,Vertragseingänge!$C$4:$C$500,$E$4*1)))),"") | H7: =IFERROR(IF(Steuerung!$B$21="","",IF($E$4="Alle",IF(COUNTIFS(Vertragseingänge!$A$4:$A$500,A7,Vertragseingänge!$E$4:$E$500,Steuerung!$B$21)=0,"",COUNTIFS(Vertragseingänge!$A$4:$A$500,A7,Vertragseingänge!$E$4:$E$500,Steuerung!$B$21)),IF(COUNTIFS(Vertragseingänge!$A$4:$A$500,A7,Vertragseingänge!$E$4:$E$500,Steuerung!$B$21,Vertragseingänge!$C$4:$C$500,$E$4*1)=0,"",COUNTIFS(Vertragseingänge!$A$4:$A$500,A7,Vertragseingänge!$E$4:$E$500,Steuerung!$B$21,Vertragseingänge!$C$4:$C$500,$E$4*1)))),"") | I7: =IFERROR(IF(Steuerung!$B$22="","",IF($E$4="Alle",IF(COUNTIFS(Vertragseingänge!$A$4:$A$500,A7,Vertragseingänge!$E$4:$E$500,Steuerung!$B$22)=0,"",COUNTIFS(Vertragseingänge!$A$4:$A$500,A7,Vertragseingänge!$E$4:$E$500,Steuerung!$B$22)),IF(COUNTIFS(Vertragseingänge!$A$4:$A$500,A7,Vertragseingänge!$E$4:$E$500,Steuerung!$B$22,Vertragseingänge!$C$4:$C$500,$E$4*1)=0,"",COUNTIFS(Vertragseingänge!$A$4:$A$500,A7,Vertragseingänge!$E$4:$E$500,Steuerung!$B$22,Vertragseingänge!$C$4:$C$500,$E$4*1)))),"") | J7: =IFERROR(IF(B7-SUM(C7:I7)=0,"",B7-SUM(C7:I7)),"") | L7: =IF(Steuerung!B6="","",Steuerung!C6) -> Fatima | M7: =IF(Steuerung!$B$6="","",IF($E$4="Alle",SUMIFS('Leads Rohdaten'!$D$4:$D$503,'Leads Rohdaten'!$C$4:$C$503,Steuerung!$B$6,'Leads Rohdaten'!$H$4:$H$503,"Reif"),SUMIFS('Leads Rohdaten'!$D$4:$D$503,'Leads Rohdaten'!$C$4:$C$503,Steuerung!$B$6,'Leads Rohdaten'!$H$4:$H$503,"Reif",'Leads Rohdaten'!$A$4:$A$503,$E$4*1))) -> 210 | N7: =IF(Steuerung!$B$6="","",IF($E$4="Alle",SUMIFS('Leads Rohdaten'!$E$4:$E$503,'Leads Rohdaten'!$C$4:$C$503,Steuerung!$B$6,'Leads Rohdaten'!$H$4:$H$503,"Reif"),SUMIFS('Leads Rohdaten'!$E$4:$E$503,'Leads Rohdaten'!$C$4:$C$503,Steuerung!$B$6,'Leads Rohdaten'!$H$4:$H$503,"Reif",'Leads Rohdaten'!$A$4:$A$503,$E$4*1))) -> 21 | O7: =IF(OR(M7="",M7=0),"–",N7/M7) -> 0.1 | P7: =IF(OR(M7="",M7=0),"",IF(N7/MAX(M7,1)>=0.1,"✅",IF(N7/MAX(M7,1)>=0.03,"⚠","⛔"))) -> ✅
A8: KW 4 | B8: =IF($E$4="Alle",COUNTIFS(Vertragseingänge!$A$4:$A$500,A8),COUNTIFS(Vertragseingänge!$A$4:$A$500,A8,Vertragseingänge!$C$4:$C$500,$E$4*1)) -> 5 | C8: =IFERROR(IF(Steuerung!$B$16="","",IF($E$4="Alle",IF(COUNTIFS(Vertragseingänge!$A$4:$A$500,A8,Vertragseingänge!$E$4:$E$500,Steuerung!$B$16)=0,"",COUNTIFS(Vertragseingänge!$A$4:$A$500,A8,Vertragseingänge!$E$4:$E$500,Steuerung!$B$16)),IF(COUNTIFS(Vertragseingänge!$A$4:$A$500,A8,Vertragseingänge!$E$4:$E$500,Steuerung!$B$16,Vertragseingänge!$C$4:$C$500,$E$4*1)=0,"",COUNTIFS(Vertragseingänge!$A$4:$A$500,A8,Vertragseingänge!$E$4:$E$500,Steuerung!$B$16,Vertragseingänge!$C$4:$C$500,$E$4*1)))),"") -> 3 | D8: =IFERROR(IF(Steuerung!$B$17="","",IF($E$4="Alle",IF(COUNTIFS(Vertragseingänge!$A$4:$A$500,A8,Vertragseingänge!$E$4:$E$500,Steuerung!$B$17)=0,"",COUNTIFS(Vertragseingänge!$A$4:$A$500,A8,Vertragseingänge!$E$4:$E$500,Steuerung!$B$17)),IF(COUNTIFS(Vertragseingänge!$A$4:$A$500,A8,Vertragseingänge!$E$4:$E$500,Steuerung!$B$17,Vertragseingänge!$C$4:$C$500,$E$4*1)=0,"",COUNTIFS(Vertragseingänge!$A$4:$A$500,A8,Vertragseingänge!$E$4:$E$500,Steuerung!$B$17,Vertragseingänge!$C$4:$C$500,$E$4*1)))),"") -> 1 | E8: =IFERROR(IF(Steuerung!$B$18="","",IF($E$4="Alle",IF(COUNTIFS(Vertragseingänge!$A$4:$A$500,A8,Vertragseingänge!$E$4:$E$500,Steuerung!$B$18)=0,"",COUNTIFS(Vertragseingänge!$A$4:$A$500,A8,Vertragseingänge!$E$4:$E$500,Steuerung!$B$18)),IF(COUNTIFS(Vertragseingänge!$A$4:$A$500,A8,Vertragseingänge!$E$4:$E$500,Steuerung!$B$18,Vertragseingänge!$C$4:$C$500,$E$4*1)=0,"",COUNTIFS(Vertragseingänge!$A$4:$A$500,A8,Vertragseingänge!$E$4:$E$500,Steuerung!$B$18,Vertragseingänge!$C$4:$C$500,$E$4*1)))),"") | F8: =IFERROR(IF(Steuerung!$B$19="","",IF($E$4="Alle",IF(COUNTIFS(Vertragseingänge!$A$4:$A$500,A8,Vertragseingänge!$E$4:$E$500,Steuerung!$B$19)=0,"",COUNTIFS(Vertragseingänge!$A$4:$A$500,A8,Vertragseingänge!$E$4:$E$500,Steuerung!$B$19)),IF(COUNTIFS(Vertragseingänge!$A$4:$A$500,A8,Vertragseingänge!$E$4:$E$500,Steuerung!$B$19,Vertragseingänge!$C$4:$C$500,$E$4*1)=0,"",COUNTIFS(Vertragseingänge!$A$4:$A$500,A8,Vertragseingänge!$E$4:$E$500,Steuerung!$B$19,Vertragseingänge!$C$4:$C$500,$E$4*1)))),"") | G8: =IFERROR(IF(Steuerung!$B$20="","",IF($E$4="Alle",IF(COUNTIFS(Vertragseingänge!$A$4:$A$500,A8,Vertragseingänge!$E$4:$E$500,Steuerung!$B$20)=0,"",COUNTIFS(Vertragseingänge!$A$4:$A$500,A8,Vertragseingänge!$E$4:$E$500,Steuerung!$B$20)),IF(COUNTIFS(Vertragseingänge!$A$4:$A$500,A8,Vertragseingänge!$E$4:$E$500,Steuerung!$B$20,Vertragseingänge!$C$4:$C$500,$E$4*1)=0,"",COUNTIFS(Vertragseingänge!$A$4:$A$500,A8,Vertragseingänge!$E$4:$E$500,Steuerung!$B$20,Vertragseingänge!$C$4:$C$500,$E$4*1)))),"") | H8: =IFERROR(IF(Steuerung!$B$21="","",IF($E$4="Alle",IF(COUNTIFS(Vertragseingänge!$A$4:$A$500,A8,Vertragseingänge!$E$4:$E$500,Steuerung!$B$21)=0,"",COUNTIFS(Vertragseingänge!$A$4:$A$500,A8,Vertragseingänge!$E$4:$E$500,Steuerung!$B$21)),IF(COUNTIFS(Vertragseingänge!$A$4:$A$500,A8,Vertragseingänge!$E$4:$E$500,Steuerung!$B$21,Vertragseingänge!$C$4:$C$500,$E$4*1)=0,"",COUNTIFS(Vertragseingänge!$A$4:$A$500,A8,Vertragseingänge!$E$4:$E$500,Steuerung!$B$21,Vertragseingänge!$C$4:$C$500,$E$4*1)))),"") | I8: =IFERROR(IF(Steuerung!$B$22="","",IF($E$4="Alle",IF(COUNTIFS(Vertragseingänge!$A$4:$A$500,A8,Vertragseingänge!$E$4:$E$500,Steuerung!$B$22)=0,"",COUNTIFS(Vertragseingänge!$A$4:$A$500,A8,Vertragseingänge!$E$4:$E$500,Steuerung!$B$22)),IF(COUNTIFS(Vertragseingänge!$A$4:$A$500,A8,Vertragseingänge!$E$4:$E$500,Steuerung!$B$22,Vertragseingänge!$C$4:$C$500,$E$4*1)=0,"",COUNTIFS(Vertragseingänge!$A$4:$A$500,A8,Vertragseingänge!$E$4:$E$500,Steuerung!$B$22,Vertragseingänge!$C$4:$C$500,$E$4*1)))),"") | J8: =IFERROR(IF(B8-SUM(C8:I8)=0,"",B8-SUM(C8:I8)),"") -> 1 | L8: =IF(Steuerung!B7="","",Steuerung!C7) -> Gabriella | M8: =IF(Steuerung!$B$7="","",IF($E$4="Alle",SUMIFS('Leads Rohdaten'!$D$4:$D$503,'Leads Rohdaten'!$C$4:$C$503,Steuerung!$B$7,'Leads Rohdaten'!$H$4:$H$503,"Reif"),SUMIFS('Leads Rohdaten'!$D$4:$D$503,'Leads Rohdaten'!$C$4:$C$503,Steuerung!$B$7,'Leads Rohdaten'!$H$4:$H$503,"Reif",'Leads Rohdaten'!$A$4:$A$503,$E$4*1))) -> 90 | N8: =IF(Steuerung!$B$7="","",IF($E$4="Alle",SUMIFS('Leads Rohdaten'!$E$4:$E$503,'Leads Rohdaten'!$C$4:$C$503,Steuerung!$B$7,'Leads Rohdaten'!$H$4:$H$503,"Reif"),SUMIFS('Leads Rohdaten'!$E$4:$E$503,'Leads Rohdaten'!$C$4:$C$503,Steuerung!$B$7,'Leads Rohdaten'!$H$4:$H$503,"Reif",'Leads Rohdaten'!$A$4:$A$503,$E$4*1))) -> 5 | O8: =IF(OR(M8="",M8=0),"–",N8/M8) -> 0.055555556 | P8: =IF(OR(M8="",M8=0),"",IF(N8/MAX(M8,1)>=0.1,"✅",IF(N8/MAX(M8,1)>=0.03,"⚠","⛔"))) -> ⚠
A9: KW 5 | B9: =IF($E$4="Alle",COUNTIFS(Vertragseingänge!$A$4:$A$500,A9),COUNTIFS(Vertragseingänge!$A$4:$A$500,A9,Vertragseingänge!$C$4:$C$500,$E$4*1)) -> 10 | C9: =IFERROR(IF(Steuerung!$B$16="","",IF($E$4="Alle",IF(COUNTIFS(Vertragseingänge!$A$4:$A$500,A9,Vertragseingänge!$E$4:$E$500,Steuerung!$B$16)=0,"",COUNTIFS(Vertragseingänge!$A$4:$A$500,A9,Vertragseingänge!$E$4:$E$500,Steuerung!$B$16)),IF(COUNTIFS(Vertragseingänge!$A$4:$A$500,A9,Vertragseingänge!$E$4:$E$500,Steuerung!$B$16,Vertragseingänge!$C$4:$C$500,$E$4*1)=0,"",COUNTIFS(Vertragseingänge!$A$4:$A$500,A9,Vertragseingänge!$E$4:$E$500,Steuerung!$B$16,Vertragseingänge!$C$4:$C$500,$E$4*1)))),"") -> 3 | D9: =IFERROR(IF(Steuerung!$B$17="","",IF($E$4="Alle",IF(COUNTIFS(Vertragseingänge!$A$4:$A$500,A9,Vertragseingänge!$E$4:$E$500,Steuerung!$B$17)=0,"",COUNTIFS(Vertragseingänge!$A$4:$A$500,A9,Vertragseingänge!$E$4:$E$500,Steuerung!$B$17)),IF(COUNTIFS(Vertragseingänge!$A$4:$A$500,A9,Vertragseingänge!$E$4:$E$500,Steuerung!$B$17,Vertragseingänge!$C$4:$C$500,$E$4*1)=0,"",COUNTIFS(Vertragseingänge!$A$4:$A$500,A9,Vertragseingänge!$E$4:$E$500,Steuerung!$B$17,Vertragseingänge!$C$4:$C$500,$E$4*1)))),"") -> 1 | E9: =IFERROR(IF(Steuerung!$B$18="","",IF($E$4="Alle",IF(COUNTIFS(Vertragseingänge!$A$4:$A$500,A9,Vertragseingänge!$E$4:$E$500,Steuerung!$B$18)=0,"",COUNTIFS(Vertragseingänge!$A$4:$A$500,A9,Vertragseingänge!$E$4:$E$500,Steuerung!$B$18)),IF(COUNTIFS(Vertragseingänge!$A$4:$A$500,A9,Vertragseingänge!$E$4:$E$500,Steuerung!$B$18,Vertragseingänge!$C$4:$C$500,$E$4*1)=0,"",COUNTIFS(Vertragseingänge!$A$4:$A$500,A9,Vertragseingänge!$E$4:$E$500,Steuerung!$B$18,Vertragseingänge!$C$4:$C$500,$E$4*1)))),"") -> 2 | F9: =IFERROR(IF(Steuerung!$B$19="","",IF($E$4="Alle",IF(COUNTIFS(Vertragseingänge!$A$4:$A$500,A9,Vertragseingänge!$E$4:$E$500,Steuerung!$B$19)=0,"",COUNTIFS(Vertragseingänge!$A$4:$A$500,A9,Vertragseingänge!$E$4:$E$500,Steuerung!$B$19)),IF(COUNTIFS(Vertragseingänge!$A$4:$A$500,A9,Vertragseingänge!$E$4:$E$500,Steuerung!$B$19,Vertragseingänge!$C$4:$C$500,$E$4*1)=0,"",COUNTIFS(Vertragseingänge!$A$4:$A$500,A9,Vertragseingänge!$E$4:$E$500,Steuerung!$B$19,Vertragseingänge!$C$4:$C$500,$E$4*1)))),"") | G9: =IFERROR(IF(Steuerung!$B$20="","",IF($E$4="Alle",IF(COUNTIFS(Vertragseingänge!$A$4:$A$500,A9,Vertragseingänge!$E$4:$E$500,Steuerung!$B$20)=0,"",COUNTIFS(Vertragseingänge!$A$4:$A$500,A9,Vertragseingänge!$E$4:$E$500,Steuerung!$B$20)),IF(COUNTIFS(Vertragseingänge!$A$4:$A$500,A9,Vertragseingänge!$E$4:$E$500,Steuerung!$B$20,Vertragseingänge!$C$4:$C$500,$E$4*1)=0,"",COUNTIFS(Vertragseingänge!$A$4:$A$500,A9,Vertragseingänge!$E$4:$E$500,Steuerung!$B$20,Vertragseingänge!$C$4:$C$500,$E$4*1)))),"") | H9: =IFERROR(IF(Steuerung!$B$21="","",IF($E$4="Alle",IF(COUNTIFS(Vertragseingänge!$A$4:$A$500,A9,Vertragseingänge!$E$4:$E$500,Steuerung!$B$21)=0,"",COUNTIFS(Vertragseingänge!$A$4:$A$500,A9,Vertragseingänge!$E$4:$E$500,Steuerung!$B$21)),IF(COUNTIFS(Vertragseingänge!$A$4:$A$500,A9,Vertragseingänge!$E$4:$E$500,Steuerung!$B$21,Vertragseingänge!$C$4:$C$500,$E$4*1)=0,"",COUNTIFS(Vertragseingänge!$A$4:$A$500,A9,Vertragseingänge!$E$4:$E$500,Steuerung!$B$21,Vertragseingänge!$C$4:$C$500,$E$4*1)))),"") | I9: =IFERROR(IF(Steuerung!$B$22="","",IF($E$4="Alle",IF(COUNTIFS(Vertragseingänge!$A$4:$A$500,A9,Vertragseingänge!$E$4:$E$500,Steuerung!$B$22)=0,"",COUNTIFS(Vertragseingänge!$A$4:$A$500,A9,Vertragseingänge!$E$4:$E$500,Steuerung!$B$22)),IF(COUNTIFS(Vertragseingänge!$A$4:$A$500,A9,Vertragseingänge!$E$4:$E$500,Steuerung!$B$22,Vertragseingänge!$C$4:$C$500,$E$4*1)=0,"",COUNTIFS(Vertragseingänge!$A$4:$A$500,A9,Vertragseingänge!$E$4:$E$500,Steuerung!$B$22,Vertragseingänge!$C$4:$C$500,$E$4*1)))),"") | J9: =IFERROR(IF(B9-SUM(C9:I9)=0,"",B9-SUM(C9:I9)),"") -> 4 | L9: =IF(Steuerung!B8="","",Steuerung!C8) -> Gerd | M9: =IF(Steuerung!$B$8="","",IF($E$4="Alle",SUMIFS('Leads Rohdaten'!$D$4:$D$503,'Leads Rohdaten'!$C$4:$C$503,Steuerung!$B$8,'Leads Rohdaten'!$H$4:$H$503,"Reif"),SUMIFS('Leads Rohdaten'!$D$4:$D$503,'Leads Rohdaten'!$C$4:$C$503,Steuerung!$B$8,'Leads Rohdaten'!$H$4:$H$503,"Reif",'Leads Rohdaten'!$A$4:$A$503,$E$4*1))) -> 33 | N9: =IF(Steuerung!$B$8="","",IF($E$4="Alle",SUMIFS('Leads Rohdaten'!$E$4:$E$503,'Leads Rohdaten'!$C$4:$C$503,Steuerung!$B$8,'Leads Rohdaten'!$H$4:$H$503,"Reif"),SUMIFS('Leads Rohdaten'!$E$4:$E$503,'Leads Rohdaten'!$C$4:$C$503,Steuerung!$B$8,'Leads Rohdaten'!$H$4:$H$503,"Reif",'Leads Rohdaten'!$A$4:$A$503,$E$4*1))) -> 3 | O9: =IF(OR(M9="",M9=0),"–",N9/M9) -> 0.090909091 | P9: =IF(OR(M9="",M9=0),"",IF(N9/MAX(M9,1)>=0.1,"✅",IF(N9/MAX(M9,1)>=0.03,"⚠","⛔"))) -> ⚠
A10: KW 6 | B10: =IF($E$4="Alle",COUNTIFS(Vertragseingänge!$A$4:$A$500,A10),COUNTIFS(Vertragseingänge!$A$4:$A$500,A10,Vertragseingänge!$C$4:$C$500,$E$4*1)) -> 10 | C10: =IFERROR(IF(Steuerung!$B$16="","",IF($E$4="Alle",IF(COUNTIFS(Vertragseingänge!$A$4:$A$500,A10,Vertragseingänge!$E$4:$E$500,Steuerung!$B$16)=0,"",COUNTIFS(Vertragseingänge!$A$4:$A$500,A10,Vertragseingänge!$E$4:$E$500,Steuerung!$B$16)),IF(COUNTIFS(Vertragseingänge!$A$4:$A$500,A10,Vertragseingänge!$E$4:$E$500,Steuerung!$B$16,Vertragseingänge!$C$4:$C$500,$E$4*1)=0,"",COUNTIFS(Vertragseingänge!$A$4:$A$500,A10,Vertragseingänge!$E$4:$E$500,Steuerung!$B$16,Vertragseingänge!$C$4:$C$500,$E$4*1)))),"") -> 3 | D10: =IFERROR(IF(Steuerung!$B$17="","",IF($E$4="Alle",IF(COUNTIFS(Vertragseingänge!$A$4:$A$500,A10,Vertragseingänge!$E$4:$E$500,Steuerung!$B$17)=0,"",COUNTIFS(Vertragseingänge!$A$4:$A$500,A10,Vertragseingänge!$E$4:$E$500,Steuerung!$B$17)),IF(COUNTIFS(Vertragseingänge!$A$4:$A$500,A10,Vertragseingänge!$E$4:$E$500,Steuerung!$B$17,Vertragseingänge!$C$4:$C$500,$E$4*1)=0,"",COUNTIFS(Vertragseingänge!$A$4:$A$500,A10,Vertragseingänge!$E$4:$E$500,Steuerung!$B$17,Vertragseingänge!$C$4:$C$500,$E$4*1)))),"") -> 1 | E10: =IFERROR(IF(Steuerung!$B$18="","",IF($E$4="Alle",IF(COUNTIFS(Vertragseingänge!$A$4:$A$500,A10,Vertragseingänge!$E$4:$E$500,Steuerung!$B$18)=0,"",COUNTIFS(Vertragseingänge!$A$4:$A$500,A10,Vertragseingänge!$E$4:$E$500,Steuerung!$B$18)),IF(COUNTIFS(Vertragseingänge!$A$4:$A$500,A10,Vertragseingänge!$E$4:$E$500,Steuerung!$B$18,Vertragseingänge!$C$4:$C$500,$E$4*1)=0,"",COUNTIFS(Vertragseingänge!$A$4:$A$500,A10,Vertragseingänge!$E$4:$E$500,Steuerung!$B$18,Vertragseingänge!$C$4:$C$500,$E$4*1)))),"") -> 5 | F10: =IFERROR(IF(Steuerung!$B$19="","",IF($E$4="Alle",IF(COUNTIFS(Vertragseingänge!$A$4:$A$500,A10,Vertragseingänge!$E$4:$E$500,Steuerung!$B$19)=0,"",COUNTIFS(Vertragseingänge!$A$4:$A$500,A10,Vertragseingänge!$E$4:$E$500,Steuerung!$B$19)),IF(COUNTIFS(Vertragseingänge!$A$4:$A$500,A10,Vertragseingänge!$E$4:$E$500,Steuerung!$B$19,Vertragseingänge!$C$4:$C$500,$E$4*1)=0,"",COUNTIFS(Vertragseingänge!$A$4:$A$500,A10,Vertragseingänge!$E$4:$E$500,Steuerung!$B$19,Vertragseingänge!$C$4:$C$500,$E$4*1)))),"") | G10: =IFERROR(IF(Steuerung!$B$20="","",IF($E$4="Alle",IF(COUNTIFS(Vertragseingänge!$A$4:$A$500,A10,Vertragseingänge!$E$4:$E$500,Steuerung!$B$20)=0,"",COUNTIFS(Vertragseingänge!$A$4:$A$500,A10,Vertragseingänge!$E$4:$E$500,Steuerung!$B$20)),IF(COUNTIFS(Vertragseingänge!$A$4:$A$500,A10,Vertragseingänge!$E$4:$E$500,Steuerung!$B$20,Vertragseingänge!$C$4:$C$500,$E$4*1)=0,"",COUNTIFS(Vertragseingänge!$A$4:$A$500,A10,Vertragseingänge!$E$4:$E$500,Steuerung!$B$20,Vertragseingänge!$C$4:$C$500,$E$4*1)))),"") | H10: =IFERROR(IF(Steuerung!$B$21="","",IF($E$4="Alle",IF(COUNTIFS(Vertragseingänge!$A$4:$A$500,A10,Vertragseingänge!$E$4:$E$500,Steuerung!$B$21)=0,"",COUNTIFS(Vertragseingänge!$A$4:$A$500,A10,Vertragseingänge!$E$4:$E$500,Steuerung!$B$21)),IF(COUNTIFS(Vertragseingänge!$A$4:$A$500,A10,Vertragseingänge!$E$4:$E$500,Steuerung!$B$21,Vertragseingänge!$C$4:$C$500,$E$4*1)=0,"",COUNTIFS(Vertragseingänge!$A$4:$A$500,A10,Vertragseingänge!$E$4:$E$500,Steuerung!$B$21,Vertragseingänge!$C$4:$C$500,$E$4*1)))),"") | I10: =IFERROR(IF(Steuerung!$B$22="","",IF($E$4="Alle",IF(COUNTIFS(Vertragseingänge!$A$4:$A$500,A10,Vertragseingänge!$E$4:$E$500,Steuerung!$B$22)=0,"",COUNTIFS(Vertragseingänge!$A$4:$A$500,A10,Vertragseingänge!$E$4:$E$500,Steuerung!$B$22)),IF(COUNTIFS(Vertragseingänge!$A$4:$A$500,A10,Vertragseingänge!$E$4:$E$500,Steuerung!$B$22,Vertragseingänge!$C$4:$C$500,$E$4*1)=0,"",COUNTIFS(Vertragseingänge!$A$4:$A$500,A10,Vertragseingänge!$E$4:$E$500,Steuerung!$B$22,Vertragseingänge!$C$4:$C$500,$E$4*1)))),"") | J10: =IFERROR(IF(B10-SUM(C10:I10)=0,"",B10-SUM(C10:I10)),"") -> 1 | L10: =IF(Steuerung!B9="","",Steuerung!C9) -> David | M10: =IF(Steuerung!$B$9="","",IF($E$4="Alle",SUMIFS('Leads Rohdaten'!$D$4:$D$503,'Leads Rohdaten'!$C$4:$C$503,Steuerung!$B$9,'Leads Rohdaten'!$H$4:$H$503,"Reif"),SUMIFS('Leads Rohdaten'!$D$4:$D$503,'Leads Rohdaten'!$C$4:$C$503,Steuerung!$B$9,'Leads Rohdaten'!$H$4:$H$503,"Reif",'Leads Rohdaten'!$A$4:$A$503,$E$4*1))) -> 0 | N10: =IF(Steuerung!$B$9="","",IF($E$4="Alle",SUMIFS('Leads Rohdaten'!$E$4:$E$503,'Leads Rohdaten'!$C$4:$C$503,Steuerung!$B$9,'Leads Rohdaten'!$H$4:$H$503,"Reif"),SUMIFS('Leads Rohdaten'!$E$4:$E$503,'Leads Rohdaten'!$C$4:$C$503,Steuerung!$B$9,'Leads Rohdaten'!$H$4:$H$503,"Reif",'Leads Rohdaten'!$A$4:$A$503,$E$4*1))) -> 0 | O10: =IF(OR(M10="",M10=0),"–",N10/M10) -> – | P10: =IF(OR(M10="",M10=0),"",IF(N10/MAX(M10,1)>=0.1,"✅",IF(N10/MAX(M10,1)>=0.03,"⚠","⛔")))
A11: KW 7 | B11: =IF($E$4="Alle",COUNTIFS(Vertragseingänge!$A$4:$A$500,A11),COUNTIFS(Vertragseingänge!$A$4:$A$500,A11,Vertragseingänge!$C$4:$C$500,$E$4*1)) -> 10 | C11: =IFERROR(IF(Steuerung!$B$16="","",IF($E$4="Alle",IF(COUNTIFS(Vertragseingänge!$A$4:$A$500,A11,Vertragseingänge!$E$4:$E$500,Steuerung!$B$16)=0,"",COUNTIFS(Vertragseingänge!$A$4:$A$500,A11,Vertragseingänge!$E$4:$E$500,Steuerung!$B$16)),IF(COUNTIFS(Vertragseingänge!$A$4:$A$500,A11,Vertragseingänge!$E$4:$E$500,Steuerung!$B$16,Vertragseingänge!$C$4:$C$500,$E$4*1)=0,"",COUNTIFS(Vertragseingänge!$A$4:$A$500,A11,Vertragseingänge!$E$4:$E$500,Steuerung!$B$16,Vertragseingänge!$C$4:$C$500,$E$4*1)))),"") -> 8 | D11: =IFERROR(IF(Steuerung!$B$17="","",IF($E$4="Alle",IF(COUNTIFS(Vertragseingänge!$A$4:$A$500,A11,Vertragseingänge!$E$4:$E$500,Steuerung!$B$17)=0,"",COUNTIFS(Vertragseingänge!$A$4:$A$500,A11,Vertragseingänge!$E$4:$E$500,Steuerung!$B$17)),IF(COUNTIFS(Vertragseingänge!$A$4:$A$500,A11,Vertragseingänge!$E$4:$E$500,Steuerung!$B$17,Vertragseingänge!$C$4:$C$500,$E$4*1)=0,"",COUNTIFS(Vertragseingänge!$A$4:$A$500,A11,Vertragseingänge!$E$4:$E$500,Steuerung!$B$17,Vertragseingänge!$C$4:$C$500,$E$4*1)))),"") | E11: =IFERROR(IF(Steuerung!$B$18="","",IF($E$4="Alle",IF(COUNTIFS(Vertragseingänge!$A$4:$A$500,A11,Vertragseingänge!$E$4:$E$500,Steuerung!$B$18)=0,"",COUNTIFS(Vertragseingänge!$A$4:$A$500,A11,Vertragseingänge!$E$4:$E$500,Steuerung!$B$18)),IF(COUNTIFS(Vertragseingänge!$A$4:$A$500,A11,Vertragseingänge!$E$4:$E$500,Steuerung!$B$18,Vertragseingänge!$C$4:$C$500,$E$4*1)=0,"",COUNTIFS(Vertragseingänge!$A$4:$A$500,A11,Vertragseingänge!$E$4:$E$500,Steuerung!$B$18,Vertragseingänge!$C$4:$C$500,$E$4*1)))),"") | F11: =IFERROR(IF(Steuerung!$B$19="","",IF($E$4="Alle",IF(COUNTIFS(Vertragseingänge!$A$4:$A$500,A11,Vertragseingänge!$E$4:$E$500,Steuerung!$B$19)=0,"",COUNTIFS(Vertragseingänge!$A$4:$A$500,A11,Vertragseingänge!$E$4:$E$500,Steuerung!$B$19)),IF(COUNTIFS(Vertragseingänge!$A$4:$A$500,A11,Vertragseingänge!$E$4:$E$500,Steuerung!$B$19,Vertragseingänge!$C$4:$C$500,$E$4*1)=0,"",COUNTIFS(Vertragseingänge!$A$4:$A$500,A11,Vertragseingänge!$E$4:$E$500,Steuerung!$B$19,Vertragseingänge!$C$4:$C$500,$E$4*1)))),"") | G11: =IFERROR(IF(Steuerung!$B$20="","",IF($E$4="Alle",IF(COUNTIFS(Vertragseingänge!$A$4:$A$500,A11,Vertragseingänge!$E$4:$E$500,Steuerung!$B$20)=0,"",COUNTIFS(Vertragseingänge!$A$4:$A$500,A11,Vertragseingänge!$E$4:$E$500,Steuerung!$B$20)),IF(COUNTIFS(Vertragseingänge!$A$4:$A$500,A11,Vertragseingänge!$E$4:$E$500,Steuerung!$B$20,Vertragseingänge!$C$4:$C$500,$E$4*1)=0,"",COUNTIFS(Vertragseingänge!$A$4:$A$500,A11,Vertragseingänge!$E$4:$E$500,Steuerung!$B$20,Vertragseingänge!$C$4:$C$500,$E$4*1)))),"") -> 1 | H11: =IFERROR(IF(Steuerung!$B$21="","",IF($E$4="Alle",IF(COUNTIFS(Vertragseingänge!$A$4:$A$500,A11,Vertragseingänge!$E$4:$E$500,Steuerung!$B$21)=0,"",COUNTIFS(Vertragseingänge!$A$4:$A$500,A11,Vertragseingänge!$E$4:$E$500,Steuerung!$B$21)),IF(COUNTIFS(Vertragseingänge!$A$4:$A$500,A11,Vertragseingänge!$E$4:$E$500,Steuerung!$B$21,Vertragseingänge!$C$4:$C$500,$E$4*1)=0,"",COUNTIFS(Vertragseingänge!$A$4:$A$500,A11,Vertragseingänge!$E$4:$E$500,Steuerung!$B$21,Vertragseingänge!$C$4:$C$500,$E$4*1)))),"") | I11: =IFERROR(IF(Steuerung!$B$22="","",IF($E$4="Alle",IF(COUNTIFS(Vertragseingänge!$A$4:$A$500,A11,Vertragseingänge!$E$4:$E$500,Steuerung!$B$22)=0,"",COUNTIFS(Vertragseingänge!$A$4:$A$500,A11,Vertragseingänge!$E$4:$E$500,Steuerung!$B$22)),IF(COUNTIFS(Vertragseingänge!$A$4:$A$500,A11,Vertragseingänge!$E$4:$E$500,Steuerung!$B$22,Vertragseingänge!$C$4:$C$500,$E$4*1)=0,"",COUNTIFS(Vertragseingänge!$A$4:$A$500,A11,Vertragseingänge!$E$4:$E$500,Steuerung!$B$22,Vertragseingänge!$C$4:$C$500,$E$4*1)))),"") | J11: =IFERROR(IF(B11-SUM(C11:I11)=0,"",B11-SUM(C11:I11)),"") -> 1 | L11: =IF(Steuerung!B10="","",Steuerung!C10) | M11: =IF(Steuerung!$B$10="","",IF($E$4="Alle",SUMIFS('Leads Rohdaten'!$D$4:$D$503,'Leads Rohdaten'!$C$4:$C$503,Steuerung!$B$10,'Leads Rohdaten'!$H$4:$H$503,"Reif"),SUMIFS('Leads Rohdaten'!$D$4:$D$503,'Leads Rohdaten'!$C$4:$C$503,Steuerung!$B$10,'Leads Rohdaten'!$H$4:$H$503,"Reif",'Leads Rohdaten'!$A$4:$A$503,$E$4*1))) | N11: =IF(Steuerung!$B$10="","",IF($E$4="Alle",SUMIFS('Leads Rohdaten'!$E$4:$E$503,'Leads Rohdaten'!$C$4:$C$503,Steuerung!$B$10,'Leads Rohdaten'!$H$4:$H$503,"Reif"),SUMIFS('Leads Rohdaten'!$E$4:$E$503,'Leads Rohdaten'!$C$4:$C$503,Steuerung!$B$10,'Leads Rohdaten'!$H$4:$H$503,"Reif",'Leads Rohdaten'!$A$4:$A$503,$E$4*1))) | O11: =IF(OR(M11="",M11=0),"–",N11/M11) -> – | P11: =IF(OR(M11="",M11=0),"",IF(N11/MAX(M11,1)>=0.1,"✅",IF(N11/MAX(M11,1)>=0.03,"⚠","⛔")))
A12: KW 8 | B12: =IF($E$4="Alle",COUNTIFS(Vertragseingänge!$A$4:$A$500,A12),COUNTIFS(Vertragseingänge!$A$4:$A$500,A12,Vertragseingänge!$C$4:$C$500,$E$4*1)) -> 6 | C12: =IFERROR(IF(Steuerung!$B$16="","",IF($E$4="Alle",IF(COUNTIFS(Vertragseingänge!$A$4:$A$500,A12,Vertragseingänge!$E$4:$E$500,Steuerung!$B$16)=0,"",COUNTIFS(Vertragseingänge!$A$4:$A$500,A12,Vertragseingänge!$E$4:$E$500,Steuerung!$B$16)),IF(COUNTIFS(Vertragseingänge!$A$4:$A$500,A12,Vertragseingänge!$E$4:$E$500,Steuerung!$B$16,Vertragseingänge!$C$4:$C$500,$E$4*1)=0,"",COUNTIFS(Vertragseingänge!$A$4:$A$500,A12,Vertragseingänge!$E$4:$E$500,Steuerung!$B$16,Vertragseingänge!$C$4:$C$500,$E$4*1)))),"") -> 1 | D12: =IFERROR(IF(Steuerung!$B$17="","",IF($E$4="Alle",IF(COUNTIFS(Vertragseingänge!$A$4:$A$500,A12,Vertragseingänge!$E$4:$E$500,Steuerung!$B$17)=0,"",COUNTIFS(Vertragseingänge!$A$4:$A$500,A12,Vertragseingänge!$E$4:$E$500,Steuerung!$B$17)),IF(COUNTIFS(Vertragseingänge!$A$4:$A$500,A12,Vertragseingänge!$E$4:$E$500,Steuerung!$B$17,Vertragseingänge!$C$4:$C$500,$E$4*1)=0,"",COUNTIFS(Vertragseingänge!$A$4:$A$500,A12,Vertragseingänge!$E$4:$E$500,Steuerung!$B$17,Vertragseingänge!$C$4:$C$500,$E$4*1)))),"") -> 2 | E12: =IFERROR(IF(Steuerung!$B$18="","",IF($E$4="Alle",IF(COUNTIFS(Vertragseingänge!$A$4:$A$500,A12,Vertragseingänge!$E$4:$E$500,Steuerung!$B$18)=0,"",COUNTIFS(Vertragseingänge!$A$4:$A$500,A12,Vertragseingänge!$E$4:$E$500,Steuerung!$B$18)),IF(COUNTIFS(Vertragseingänge!$A$4:$A$500,A12,Vertragseingänge!$E$4:$E$500,Steuerung!$B$18,Vertragseingänge!$C$4:$C$500,$E$4*1)=0,"",COUNTIFS(Vertragseingänge!$A$4:$A$500,A12,Vertragseingänge!$E$4:$E$500,Steuerung!$B$18,Vertragseingänge!$C$4:$C$500,$E$4*1)))),"") -> 2 | F12: =IFERROR(IF(Steuerung!$B$19="","",IF($E$4="Alle",IF(COUNTIFS(Vertragseingänge!$A$4:$A$500,A12,Vertragseingänge!$E$4:$E$500,Steuerung!$B$19)=0,"",COUNTIFS(Vertragseingänge!$A$4:$A$500,A12,Vertragseingänge!$E$4:$E$500,Steuerung!$B$19)),IF(COUNTIFS(Vertragseingänge!$A$4:$A$500,A12,Vertragseingänge!$E$4:$E$500,Steuerung!$B$19,Vertragseingänge!$C$4:$C$500,$E$4*1)=0,"",COUNTIFS(Vertragseingänge!$A$4:$A$500,A12,Vertragseingänge!$E$4:$E$500,Steuerung!$B$19,Vertragseingänge!$C$4:$C$500,$E$4*1)))),"") | G12: =IFERROR(IF(Steuerung!$B$20="","",IF($E$4="Alle",IF(COUNTIFS(Vertragseingänge!$A$4:$A$500,A12,Vertragseingänge!$E$4:$E$500,Steuerung!$B$20)=0,"",COUNTIFS(Vertragseingänge!$A$4:$A$500,A12,Vertragseingänge!$E$4:$E$500,Steuerung!$B$20)),IF(COUNTIFS(Vertragseingänge!$A$4:$A$500,A12,Vertragseingänge!$E$4:$E$500,Steuerung!$B$20,Vertragseingänge!$C$4:$C$500,$E$4*1)=0,"",COUNTIFS(Vertragseingänge!$A$4:$A$500,A12,Vertragseingänge!$E$4:$E$500,Steuerung!$B$20,Vertragseingänge!$C$4:$C$500,$E$4*1)))),"") | H12: =IFERROR(IF(Steuerung!$B$21="","",IF($E$4="Alle",IF(COUNTIFS(Vertragseingänge!$A$4:$A$500,A12,Vertragseingänge!$E$4:$E$500,Steuerung!$B$21)=0,"",COUNTIFS(Vertragseingänge!$A$4:$A$500,A12,Vertragseingänge!$E$4:$E$500,Steuerung!$B$21)),IF(COUNTIFS(Vertragseingänge!$A$4:$A$500,A12,Vertragseingänge!$E$4:$E$500,Steuerung!$B$21,Vertragseingänge!$C$4:$C$500,$E$4*1)=0,"",COUNTIFS(Vertragseingänge!$A$4:$A$500,A12,Vertragseingänge!$E$4:$E$500,Steuerung!$B$21,Vertragseingänge!$C$4:$C$500,$E$4*1)))),"") | I12: =IFERROR(IF(Steuerung!$B$22="","",IF($E$4="Alle",IF(COUNTIFS(Vertragseingänge!$A$4:$A$500,A12,Vertragseingänge!$E$4:$E$500,Steuerung!$B$22)=0,"",COUNTIFS(Vertragseingänge!$A$4:$A$500,A12,Vertragseingänge!$E$4:$E$500,Steuerung!$B$22)),IF(COUNTIFS(Vertragseingänge!$A$4:$A$500,A12,Vertragseingänge!$E$4:$E$500,Steuerung!$B$22,Vertragseingänge!$C$4:$C$500,$E$4*1)=0,"",COUNTIFS(Vertragseingänge!$A$4:$A$500,A12,Vertragseingänge!$E$4:$E$500,Steuerung!$B$22,Vertragseingänge!$C$4:$C$500,$E$4*1)))),"") | J12: =IFERROR(IF(B12-SUM(C12:I12)=0,"",B12-SUM(C12:I12)),"") -> 1 | L12: =IF(Steuerung!B11="","",Steuerung!C11) | M12: =IF(Steuerung!$B$11="","",IF($E$4="Alle",SUMIFS('Leads Rohdaten'!$D$4:$D$503,'Leads Rohdaten'!$C$4:$C$503,Steuerung!$B$11,'Leads Rohdaten'!$H$4:$H$503,"Reif"),SUMIFS('Leads Rohdaten'!$D$4:$D$503,'Leads Rohdaten'!$C$4:$C$503,Steuerung!$B$11,'Leads Rohdaten'!$H$4:$H$503,"Reif",'Leads Rohdaten'!$A$4:$A$503,$E$4*1))) | N12: =IF(Steuerung!$B$11="","",IF($E$4="Alle",SUMIFS('Leads Rohdaten'!$E$4:$E$503,'Leads Rohdaten'!$C$4:$C$503,Steuerung!$B$11,'Leads Rohdaten'!$H$4:$H$503,"Reif"),SUMIFS('Leads Rohdaten'!$E$4:$E$503,'Leads Rohdaten'!$C$4:$C$503,Steuerung!$B$11,'Leads Rohdaten'!$H$4:$H$503,"Reif",'Leads Rohdaten'!$A$4:$A$503,$E$4*1))) | O12: =IF(OR(M12="",M12=0),"–",N12/M12) -> – | P12: =IF(OR(M12="",M12=0),"",IF(N12/MAX(M12,1)>=0.1,"✅",IF(N12/MAX(M12,1)>=0.03,"⚠","⛔")))
A13: KW 9 | B13: =IF($E$4="Alle",COUNTIFS(Vertragseingänge!$A$4:$A$500,A13),COUNTIFS(Vertragseingänge!$A$4:$A$500,A13,Vertragseingänge!$C$4:$C$500,$E$4*1)) -> 4 | C13: =IFERROR(IF(Steuerung!$B$16="","",IF($E$4="Alle",IF(COUNTIFS(Vertragseingänge!$A$4:$A$500,A13,Vertragseingänge!$E$4:$E$500,Steuerung!$B$16)=0,"",COUNTIFS(Vertragseingänge!$A$4:$A$500,A13,Vertragseingänge!$E$4:$E$500,Steuerung!$B$16)),IF(COUNTIFS(Vertragseingänge!$A$4:$A$500,A13,Vertragseingänge!$E$4:$E$500,Steuerung!$B$16,Vertragseingänge!$C$4:$C$500,$E$4*1)=0,"",COUNTIFS(Vertragseingänge!$A$4:$A$500,A13,Vertragseingänge!$E$4:$E$500,Steuerung!$B$16,Vertragseingänge!$C$4:$C$500,$E$4*1)))),"") -> 1 | D13: =IFERROR(IF(Steuerung!$B$17="","",IF($E$4="Alle",IF(COUNTIFS(Vertragseingänge!$A$4:$A$500,A13,Vertragseingänge!$E$4:$E$500,Steuerung!$B$17)=0,"",COUNTIFS(Vertragseingänge!$A$4:$A$500,A13,Vertragseingänge!$E$4:$E$500,Steuerung!$B$17)),IF(COUNTIFS(Vertragseingänge!$A$4:$A$500,A13,Vertragseingänge!$E$4:$E$500,Steuerung!$B$17,Vertragseingänge!$C$4:$C$500,$E$4*1)=0,"",COUNTIFS(Vertragseingänge!$A$4:$A$500,A13,Vertragseingänge!$E$4:$E$500,Steuerung!$B$17,Vertragseingänge!$C$4:$C$500,$E$4*1)))),"") | E13: =IFERROR(IF(Steuerung!$B$18="","",IF($E$4="Alle",IF(COUNTIFS(Vertragseingänge!$A$4:$A$500,A13,Vertragseingänge!$E$4:$E$500,Steuerung!$B$18)=0,"",COUNTIFS(Vertragseingänge!$A$4:$A$500,A13,Vertragseingänge!$E$4:$E$500,Steuerung!$B$18)),IF(COUNTIFS(Vertragseingänge!$A$4:$A$500,A13,Vertragseingänge!$E$4:$E$500,Steuerung!$B$18,Vertragseingänge!$C$4:$C$500,$E$4*1)=0,"",COUNTIFS(Vertragseingänge!$A$4:$A$500,A13,Vertragseingänge!$E$4:$E$500,Steuerung!$B$18,Vertragseingänge!$C$4:$C$500,$E$4*1)))),"") | F13: =IFERROR(IF(Steuerung!$B$19="","",IF($E$4="Alle",IF(COUNTIFS(Vertragseingänge!$A$4:$A$500,A13,Vertragseingänge!$E$4:$E$500,Steuerung!$B$19)=0,"",COUNTIFS(Vertragseingänge!$A$4:$A$500,A13,Vertragseingänge!$E$4:$E$500,Steuerung!$B$19)),IF(COUNTIFS(Vertragseingänge!$A$4:$A$500,A13,Vertragseingänge!$E$4:$E$500,Steuerung!$B$19,Vertragseingänge!$C$4:$C$500,$E$4*1)=0,"",COUNTIFS(Vertragseingänge!$A$4:$A$500,A13,Vertragseingänge!$E$4:$E$500,Steuerung!$B$19,Vertragseingänge!$C$4:$C$500,$E$4*1)))),"") | G13: =IFERROR(IF(Steuerung!$B$20="","",IF($E$4="Alle",IF(COUNTIFS(Vertragseingänge!$A$4:$A$500,A13,Vertragseingänge!$E$4:$E$500,Steuerung!$B$20)=0,"",COUNTIFS(Vertragseingänge!$A$4:$A$500,A13,Vertragseingänge!$E$4:$E$500,Steuerung!$B$20)),IF(COUNTIFS(Vertragseingänge!$A$4:$A$500,A13,Vertragseingänge!$E$4:$E$500,Steuerung!$B$20,Vertragseingänge!$C$4:$C$500,$E$4*1)=0,"",COUNTIFS(Vertragseingänge!$A$4:$A$500,A13,Vertragseingänge!$E$4:$E$500,Steuerung!$B$20,Vertragseingänge!$C$4:$C$500,$E$4*1)))),"") -> 1 | H13: =IFERROR(IF(Steuerung!$B$21="","",IF($E$4="Alle",IF(COUNTIFS(Vertragseingänge!$A$4:$A$500,A13,Vertragseingänge!$E$4:$E$500,Steuerung!$B$21)=0,"",COUNTIFS(Vertragseingänge!$A$4:$A$500,A13,Vertragseingänge!$E$4:$E$500,Steuerung!$B$21)),IF(COUNTIFS(Vertragseingänge!$A$4:$A$500,A13,Vertragseingänge!$E$4:$E$500,Steuerung!$B$21,Vertragseingänge!$C$4:$C$500,$E$4*1)=0,"",COUNTIFS(Vertragseingänge!$A$4:$A$500,A13,Vertragseingänge!$E$4:$E$500,Steuerung!$B$21,Vertragseingänge!$C$4:$C$500,$E$4*1)))),"") -> 1 | I13: =IFERROR(IF(Steuerung!$B$22="","",IF($E$4="Alle",IF(COUNTIFS(Vertragseingänge!$A$4:$A$500,A13,Vertragseingänge!$E$4:$E$500,Steuerung!$B$22)=0,"",COUNTIFS(Vertragseingänge!$A$4:$A$500,A13,Vertragseingänge!$E$4:$E$500,Steuerung!$B$22)),IF(COUNTIFS(Vertragseingänge!$A$4:$A$500,A13,Vertragseingänge!$E$4:$E$500,Steuerung!$B$22,Vertragseingänge!$C$4:$C$500,$E$4*1)=0,"",COUNTIFS(Vertragseingänge!$A$4:$A$500,A13,Vertragseingänge!$E$4:$E$500,Steuerung!$B$22,Vertragseingänge!$C$4:$C$500,$E$4*1)))),"") | J13: =IFERROR(IF(B13-SUM(C13:I13)=0,"",B13-SUM(C13:I13)),"") -> 1 | L13: GESAMT | M13: =SUM(M7:M12) -> 333 | N13: =SUM(N7:N12) -> 29 | O13: =IF(M13=0,"-",N13/M13) -> 0.087087087
A14: KW 10 | B14: =IF($E$4="Alle",COUNTIFS(Vertragseingänge!$A$4:$A$500,A14),COUNTIFS(Vertragseingänge!$A$4:$A$500,A14,Vertragseingänge!$C$4:$C$500,$E$4*1)) -> 8 | C14: =IFERROR(IF(Steuerung!$B$16="","",IF($E$4="Alle",IF(COUNTIFS(Vertragseingänge!$A$4:$A$500,A14,Vertragseingänge!$E$4:$E$500,Steuerung!$B$16)=0,"",COUNTIFS(Vertragseingänge!$A$4:$A$500,A14,Vertragseingänge!$E$4:$E$500,Steuerung!$B$16)),IF(COUNTIFS(Vertragseingänge!$A$4:$A$500,A14,Vertragseingänge!$E$4:$E$500,Steuerung!$B$16,Vertragseingänge!$C$4:$C$500,$E$4*1)=0,"",COUNTIFS(Vertragseingänge!$A$4:$A$500,A14,Vertragseingänge!$E$4:$E$500,Steuerung!$B$16,Vertragseingänge!$C$4:$C$500,$E$4*1)))),"") -> 2 | D14: =IFERROR(IF(Steuerung!$B$17="","",IF($E$4="Alle",IF(COUNTIFS(Vertragseingänge!$A$4:$A$500,A14,Vertragseingänge!$E$4:$E$500,Steuerung!$B$17)=0,"",COUNTIFS(Vertragseingänge!$A$4:$A$500,A14,Vertragseingänge!$E$4:$E$500,Steuerung!$B$17)),IF(COUNTIFS(Vertragseingänge!$A$4:$A$500,A14,Vertragseingänge!$E$4:$E$500,Steuerung!$B$17,Vertragseingänge!$C$4:$C$500,$E$4*1)=0,"",COUNTIFS(Vertragseingänge!$A$4:$A$500,A14,Vertragseingänge!$E$4:$E$500,Steuerung!$B$17,Vertragseingänge!$C$4:$C$500,$E$4*1)))),"") -> 1 | E14: =IFERROR(IF(Steuerung!$B$18="","",IF($E$4="Alle",IF(COUNTIFS(Vertragseingänge!$A$4:$A$500,A14,Vertragseingänge!$E$4:$E$500,Steuerung!$B$18)=0,"",COUNTIFS(Vertragseingänge!$A$4:$A$500,A14,Vertragseingänge!$E$4:$E$500,Steuerung!$B$18)),IF(COUNTIFS(Vertragseingänge!$A$4:$A$500,A14,Vertragseingänge!$E$4:$E$500,Steuerung!$B$18,Vertragseingänge!$C$4:$C$500,$E$4*1)=0,"",COUNTIFS(Vertragseingänge!$A$4:$A$500,A14,Vertragseingänge!$E$4:$E$500,Steuerung!$B$18,Vertragseingänge!$C$4:$C$500,$E$4*1)))),"") -> 2 | F14: =IFERROR(IF(Steuerung!$B$19="","",IF($E$4="Alle",IF(COUNTIFS(Vertragseingänge!$A$4:$A$500,A14,Vertragseingänge!$E$4:$E$500,Steuerung!$B$19)=0,"",COUNTIFS(Vertragseingänge!$A$4:$A$500,A14,Vertragseingänge!$E$4:$E$500,Steuerung!$B$19)),IF(COUNTIFS(Vertragseingänge!$A$4:$A$500,A14,Vertragseingänge!$E$4:$E$500,Steuerung!$B$19,Vertragseingänge!$C$4:$C$500,$E$4*1)=0,"",COUNTIFS(Vertragseingänge!$A$4:$A$500,A14,Vertragseingänge!$E$4:$E$500,Steuerung!$B$19,Vertragseingänge!$C$4:$C$500,$E$4*1)))),"") | G14: =IFERROR(IF(Steuerung!$B$20="","",IF($E$4="Alle",IF(COUNTIFS(Vertragseingänge!$A$4:$A$500,A14,Vertragseingänge!$E$4:$E$500,Steuerung!$B$20)=0,"",COUNTIFS(Vertragseingänge!$A$4:$A$500,A14,Vertragseingänge!$E$4:$E$500,Steuerung!$B$20)),IF(COUNTIFS(Vertragseingänge!$A$4:$A$500,A14,Vertragseingänge!$E$4:$E$500,Steuerung!$B$20,Vertragseingänge!$C$4:$C$500,$E$4*1)=0,"",COUNTIFS(Vertragseingänge!$A$4:$A$500,A14,Vertragseingänge!$E$4:$E$500,Steuerung!$B$20,Vertragseingänge!$C$4:$C$500,$E$4*1)))),"") | H14: =IFERROR(IF(Steuerung!$B$21="","",IF($E$4="Alle",IF(COUNTIFS(Vertragseingänge!$A$4:$A$500,A14,Vertragseingänge!$E$4:$E$500,Steuerung!$B$21)=0,"",COUNTIFS(Vertragseingänge!$A$4:$A$500,A14,Vertragseingänge!$E$4:$E$500,Steuerung!$B$21)),IF(COUNTIFS(Vertragseingänge!$A$4:$A$500,A14,Vertragseingänge!$E$4:$E$500,Steuerung!$B$21,Vertragseingänge!$C$4:$C$500,$E$4*1)=0,"",COUNTIFS(Vertragseingänge!$A$4:$A$500,A14,Vertragseingänge!$E$4:$E$500,Steuerung!$B$21,Vertragseingänge!$C$4:$C$500,$E$4*1)))),"") | I14: =IFERROR(IF(Steuerung!$B$22="","",IF($E$4="Alle",IF(COUNTIFS(Vertragseingänge!$A$4:$A$500,A14,Vertragseingänge!$E$4:$E$500,Steuerung!$B$22)=0,"",COUNTIFS(Vertragseingänge!$A$4:$A$500,A14,Vertragseingänge!$E$4:$E$500,Steuerung!$B$22)),IF(COUNTIFS(Vertragseingänge!$A$4:$A$500,A14,Vertragseingänge!$E$4:$E$500,Steuerung!$B$22,Vertragseingänge!$C$4:$C$500,$E$4*1)=0,"",COUNTIFS(Vertragseingänge!$A$4:$A$500,A14,Vertragseingänge!$E$4:$E$500,Steuerung!$B$22,Vertragseingänge!$C$4:$C$500,$E$4*1)))),"") -> 1 | J14: =IFERROR(IF(B14-SUM(C14:I14)=0,"",B14-SUM(C14:I14)),"") -> 2
A15: KW 11 | B15: =IF($E$4="Alle",COUNTIFS(Vertragseingänge!$A$4:$A$500,A15),COUNTIFS(Vertragseingänge!$A$4:$A$500,A15,Vertragseingänge!$C$4:$C$500,$E$4*1)) -> 8 | C15: =IFERROR(IF(Steuerung!$B$16="","",IF($E$4="Alle",IF(COUNTIFS(Vertragseingänge!$A$4:$A$500,A15,Vertragseingänge!$E$4:$E$500,Steuerung!$B$16)=0,"",COUNTIFS(Vertragseingänge!$A$4:$A$500,A15,Vertragseingänge!$E$4:$E$500,Steuerung!$B$16)),IF(COUNTIFS(Vertragseingänge!$A$4:$A$500,A15,Vertragseingänge!$E$4:$E$500,Steuerung!$B$16,Vertragseingänge!$C$4:$C$500,$E$4*1)=0,"",COUNTIFS(Vertragseingänge!$A$4:$A$500,A15,Vertragseingänge!$E$4:$E$500,Steuerung!$B$16,Vertragseingänge!$C$4:$C$500,$E$4*1)))),"") -> 3 | D15: =IFERROR(IF(Steuerung!$B$17="","",IF($E$4="Alle",IF(COUNTIFS(Vertragseingänge!$A$4:$A$500,A15,Vertragseingänge!$E$4:$E$500,Steuerung!$B$17)=0,"",COUNTIFS(Vertragseingänge!$A$4:$A$500,A15,Vertragseingänge!$E$4:$E$500,Steuerung!$B$17)),IF(COUNTIFS(Vertragseingänge!$A$4:$A$500,A15,Vertragseingänge!$E$4:$E$500,Steuerung!$B$17,Vertragseingänge!$C$4:$C$500,$E$4*1)=0,"",COUNTIFS(Vertragseingänge!$A$4:$A$500,A15,Vertragseingänge!$E$4:$E$500,Steuerung!$B$17,Vertragseingänge!$C$4:$C$500,$E$4*1)))),"") -> 5 | E15: =IFERROR(IF(Steuerung!$B$18="","",IF($E$4="Alle",IF(COUNTIFS(Vertragseingänge!$A$4:$A$500,A15,Vertragseingänge!$E$4:$E$500,Steuerung!$B$18)=0,"",COUNTIFS(Vertragseingänge!$A$4:$A$500,A15,Vertragseingänge!$E$4:$E$500,Steuerung!$B$18)),IF(COUNTIFS(Vertragseingänge!$A$4:$A$500,A15,Vertragseingänge!$E$4:$E$500,Steuerung!$B$18,Vertragseingänge!$C$4:$C$500,$E$4*1)=0,"",COUNTIFS(Vertragseingänge!$A$4:$A$500,A15,Vertragseingänge!$E$4:$E$500,Steuerung!$B$18,Vertragseingänge!$C$4:$C$500,$E$4*1)))),"") | F15: =IFERROR(IF(Steuerung!$B$19="","",IF($E$4="Alle",IF(COUNTIFS(Vertragseingänge!$A$4:$A$500,A15,Vertragseingänge!$E$4:$E$500,Steuerung!$B$19)=0,"",COUNTIFS(Vertragseingänge!$A$4:$A$500,A15,Vertragseingänge!$E$4:$E$500,Steuerung!$B$19)),IF(COUNTIFS(Vertragseingänge!$A$4:$A$500,A15,Vertragseingänge!$E$4:$E$500,Steuerung!$B$19,Vertragseingänge!$C$4:$C$500,$E$4*1)=0,"",COUNTIFS(Vertragseingänge!$A$4:$A$500,A15,Vertragseingänge!$E$4:$E$500,Steuerung!$B$19,Vertragseingänge!$C$4:$C$500,$E$4*1)))),"") | G15: =IFERROR(IF(Steuerung!$B$20="","",IF($E$4="Alle",IF(COUNTIFS(Vertragseingänge!$A$4:$A$500,A15,Vertragseingänge!$E$4:$E$500,Steuerung!$B$20)=0,"",COUNTIFS(Vertragseingänge!$A$4:$A$500,A15,Vertragseingänge!$E$4:$E$500,Steuerung!$B$20)),IF(COUNTIFS(Vertragseingänge!$A$4:$A$500,A15,Vertragseingänge!$E$4:$E$500,Steuerung!$B$20,Vertragseingänge!$C$4:$C$500,$E$4*1)=0,"",COUNTIFS(Vertragseingänge!$A$4:$A$500,A15,Vertragseingänge!$E$4:$E$500,Steuerung!$B$20,Vertragseingänge!$C$4:$C$500,$E$4*1)))),"") | H15: =IFERROR(IF(Steuerung!$B$21="","",IF($E$4="Alle",IF(COUNTIFS(Vertragseingänge!$A$4:$A$500,A15,Vertragseingänge!$E$4:$E$500,Steuerung!$B$21)=0,"",COUNTIFS(Vertragseingänge!$A$4:$A$500,A15,Vertragseingänge!$E$4:$E$500,Steuerung!$B$21)),IF(COUNTIFS(Vertragseingänge!$A$4:$A$500,A15,Vertragseingänge!$E$4:$E$500,Steuerung!$B$21,Vertragseingänge!$C$4:$C$500,$E$4*1)=0,"",COUNTIFS(Vertragseingänge!$A$4:$A$500,A15,Vertragseingänge!$E$4:$E$500,Steuerung!$B$21,Vertragseingänge!$C$4:$C$500,$E$4*1)))),"") | I15: =IFERROR(IF(Steuerung!$B$22="","",IF($E$4="Alle",IF(COUNTIFS(Vertragseingänge!$A$4:$A$500,A15,Vertragseingänge!$E$4:$E$500,Steuerung!$B$22)=0,"",COUNTIFS(Vertragseingänge!$A$4:$A$500,A15,Vertragseingänge!$E$4:$E$500,Steuerung!$B$22)),IF(COUNTIFS(Vertragseingänge!$A$4:$A$500,A15,Vertragseingänge!$E$4:$E$500,Steuerung!$B$22,Vertragseingänge!$C$4:$C$500,$E$4*1)=0,"",COUNTIFS(Vertragseingänge!$A$4:$A$500,A15,Vertragseingänge!$E$4:$E$500,Steuerung!$B$22,Vertragseingänge!$C$4:$C$500,$E$4*1)))),"") | J15: =IFERROR(IF(B15-SUM(C15:I15)=0,"",B15-SUM(C15:I15)),"") | L15: FRISCHE LEADS (< Maturity – noch in Reifephase)
A16: KW 12 | B16: =IF($E$4="Alle",COUNTIFS(Vertragseingänge!$A$4:$A$500,A16),COUNTIFS(Vertragseingänge!$A$4:$A$500,A16,Vertragseingänge!$C$4:$C$500,$E$4*1)) -> 7 | C16: =IFERROR(IF(Steuerung!$B$16="","",IF($E$4="Alle",IF(COUNTIFS(Vertragseingänge!$A$4:$A$500,A16,Vertragseingänge!$E$4:$E$500,Steuerung!$B$16)=0,"",COUNTIFS(Vertragseingänge!$A$4:$A$500,A16,Vertragseingänge!$E$4:$E$500,Steuerung!$B$16)),IF(COUNTIFS(Vertragseingänge!$A$4:$A$500,A16,Vertragseingänge!$E$4:$E$500,Steuerung!$B$16,Vertragseingänge!$C$4:$C$500,$E$4*1)=0,"",COUNTIFS(Vertragseingänge!$A$4:$A$500,A16,Vertragseingänge!$E$4:$E$500,Steuerung!$B$16,Vertragseingänge!$C$4:$C$500,$E$4*1)))),"") -> 3 | D16: =IFERROR(IF(Steuerung!$B$17="","",IF($E$4="Alle",IF(COUNTIFS(Vertragseingänge!$A$4:$A$500,A16,Vertragseingänge!$E$4:$E$500,Steuerung!$B$17)=0,"",COUNTIFS(Vertragseingänge!$A$4:$A$500,A16,Vertragseingänge!$E$4:$E$500,Steuerung!$B$17)),IF(COUNTIFS(Vertragseingänge!$A$4:$A$500,A16,Vertragseingänge!$E$4:$E$500,Steuerung!$B$17,Vertragseingänge!$C$4:$C$500,$E$4*1)=0,"",COUNTIFS(Vertragseingänge!$A$4:$A$500,A16,Vertragseingänge!$E$4:$E$500,Steuerung!$B$17,Vertragseingänge!$C$4:$C$500,$E$4*1)))),"") -> 2 | E16: =IFERROR(IF(Steuerung!$B$18="","",IF($E$4="Alle",IF(COUNTIFS(Vertragseingänge!$A$4:$A$500,A16,Vertragseingänge!$E$4:$E$500,Steuerung!$B$18)=0,"",COUNTIFS(Vertragseingänge!$A$4:$A$500,A16,Vertragseingänge!$E$4:$E$500,Steuerung!$B$18)),IF(COUNTIFS(Vertragseingänge!$A$4:$A$500,A16,Vertragseingänge!$E$4:$E$500,Steuerung!$B$18,Vertragseingänge!$C$4:$C$500,$E$4*1)=0,"",COUNTIFS(Vertragseingänge!$A$4:$A$500,A16,Vertragseingänge!$E$4:$E$500,Steuerung!$B$18,Vertragseingänge!$C$4:$C$500,$E$4*1)))),"") -> 1 | F16: =IFERROR(IF(Steuerung!$B$19="","",IF($E$4="Alle",IF(COUNTIFS(Vertragseingänge!$A$4:$A$500,A16,Vertragseingänge!$E$4:$E$500,Steuerung!$B$19)=0,"",COUNTIFS(Vertragseingänge!$A$4:$A$500,A16,Vertragseingänge!$E$4:$E$500,Steuerung!$B$19)),IF(COUNTIFS(Vertragseingänge!$A$4:$A$500,A16,Vertragseingänge!$E$4:$E$500,Steuerung!$B$19,Vertragseingänge!$C$4:$C$500,$E$4*1)=0,"",COUNTIFS(Vertragseingänge!$A$4:$A$500,A16,Vertragseingänge!$E$4:$E$500,Steuerung!$B$19,Vertragseingänge!$C$4:$C$500,$E$4*1)))),"") | G16: =IFERROR(IF(Steuerung!$B$20="","",IF($E$4="Alle",IF(COUNTIFS(Vertragseingänge!$A$4:$A$500,A16,Vertragseingänge!$E$4:$E$500,Steuerung!$B$20)=0,"",COUNTIFS(Vertragseingänge!$A$4:$A$500,A16,Vertragseingänge!$E$4:$E$500,Steuerung!$B$20)),IF(COUNTIFS(Vertragseingänge!$A$4:$A$500,A16,Vertragseingänge!$E$4:$E$500,Steuerung!$B$20,Vertragseingänge!$C$4:$C$500,$E$4*1)=0,"",COUNTIFS(Vertragseingänge!$A$4:$A$500,A16,Vertragseingänge!$E$4:$E$500,Steuerung!$B$20,Vertragseingänge!$C$4:$C$500,$E$4*1)))),"") | H16: =IFERROR(IF(Steuerung!$B$21="","",IF($E$4="Alle",IF(COUNTIFS(Vertragseingänge!$A$4:$A$500,A16,Vertragseingänge!$E$4:$E$500,Steuerung!$B$21)=0,"",COUNTIFS(Vertragseingänge!$A$4:$A$500,A16,Vertragseingänge!$E$4:$E$500,Steuerung!$B$21)),IF(COUNTIFS(Vertragseingänge!$A$4:$A$500,A16,Vertragseingänge!$E$4:$E$500,Steuerung!$B$21,Vertragseingänge!$C$4:$C$500,$E$4*1)=0,"",COUNTIFS(Vertragseingänge!$A$4:$A$500,A16,Vertragseingänge!$E$4:$E$500,Steuerung!$B$21,Vertragseingänge!$C$4:$C$500,$E$4*1)))),"") -> 1 | I16: =IFERROR(IF(Steuerung!$B$22="","",IF($E$4="Alle",IF(COUNTIFS(Vertragseingänge!$A$4:$A$500,A16,Vertragseingänge!$E$4:$E$500,Steuerung!$B$22)=0,"",COUNTIFS(Vertragseingänge!$A$4:$A$500,A16,Vertragseingänge!$E$4:$E$500,Steuerung!$B$22)),IF(COUNTIFS(Vertragseingänge!$A$4:$A$500,A16,Vertragseingänge!$E$4:$E$500,Steuerung!$B$22,Vertragseingänge!$C$4:$C$500,$E$4*1)=0,"",COUNTIFS(Vertragseingänge!$A$4:$A$500,A16,Vertragseingänge!$E$4:$E$500,Steuerung!$B$22,Vertragseingänge!$C$4:$C$500,$E$4*1)))),"") | J16: =IFERROR(IF(B16-SUM(C16:I16)=0,"",B16-SUM(C16:I16)),"") | L16: Verkäufer | M16: Leads | N16: Vertr. | O16: (reift)
A17: KW 13 | B17: =IF($E$4="Alle",COUNTIFS(Vertragseingänge!$A$4:$A$500,A17),COUNTIFS(Vertragseingänge!$A$4:$A$500,A17,Vertragseingänge!$C$4:$C$500,$E$4*1)) -> 2 | C17: =IFERROR(IF(Steuerung!$B$16="","",IF($E$4="Alle",IF(COUNTIFS(Vertragseingänge!$A$4:$A$500,A17,Vertragseingänge!$E$4:$E$500,Steuerung!$B$16)=0,"",COUNTIFS(Vertragseingänge!$A$4:$A$500,A17,Vertragseingänge!$E$4:$E$500,Steuerung!$B$16)),IF(COUNTIFS(Vertragseingänge!$A$4:$A$500,A17,Vertragseingänge!$E$4:$E$500,Steuerung!$B$16,Vertragseingänge!$C$4:$C$500,$E$4*1)=0,"",COUNTIFS(Vertragseingänge!$A$4:$A$500,A17,Vertragseingänge!$E$4:$E$500,Steuerung!$B$16,Vertragseingänge!$C$4:$C$500,$E$4*1)))),"") -> 2 | D17: =IFERROR(IF(Steuerung!$B$17="","",IF($E$4="Alle",IF(COUNTIFS(Vertragseingänge!$A$4:$A$500,A17,Vertragseingänge!$E$4:$E$500,Steuerung!$B$17)=0,"",COUNTIFS(Vertragseingänge!$A$4:$A$500,A17,Vertragseingänge!$E$4:$E$500,Steuerung!$B$17)),IF(COUNTIFS(Vertragseingänge!$A$4:$A$500,A17,Vertragseingänge!$E$4:$E$500,Steuerung!$B$17,Vertragseingänge!$C$4:$C$500,$E$4*1)=0,"",COUNTIFS(Vertragseingänge!$A$4:$A$500,A17,Vertragseingänge!$E$4:$E$500,Steuerung!$B$17,Vertragseingänge!$C$4:$C$500,$E$4*1)))),"") | E17: =IFERROR(IF(Steuerung!$B$18="","",IF($E$4="Alle",IF(COUNTIFS(Vertragseingänge!$A$4:$A$500,A17,Vertragseingänge!$E$4:$E$500,Steuerung!$B$18)=0,"",COUNTIFS(Vertragseingänge!$A$4:$A$500,A17,Vertragseingänge!$E$4:$E$500,Steuerung!$B$18)),IF(COUNTIFS(Vertragseingänge!$A$4:$A$500,A17,Vertragseingänge!$E$4:$E$500,Steuerung!$B$18,Vertragseingänge!$C$4:$C$500,$E$4*1)=0,"",COUNTIFS(Vertragseingänge!$A$4:$A$500,A17,Vertragseingänge!$E$4:$E$500,Steuerung!$B$18,Vertragseingänge!$C$4:$C$500,$E$4*1)))),"") | F17: =IFERROR(IF(Steuerung!$B$19="","",IF($E$4="Alle",IF(COUNTIFS(Vertragseingänge!$A$4:$A$500,A17,Vertragseingänge!$E$4:$E$500,Steuerung!$B$19)=0,"",COUNTIFS(Vertragseingänge!$A$4:$A$500,A17,Vertragseingänge!$E$4:$E$500,Steuerung!$B$19)),IF(COUNTIFS(Vertragseingänge!$A$4:$A$500,A17,Vertragseingänge!$E$4:$E$500,Steuerung!$B$19,Vertragseingänge!$C$4:$C$500,$E$4*1)=0,"",COUNTIFS(Vertragseingänge!$A$4:$A$500,A17,Vertragseingänge!$E$4:$E$500,Steuerung!$B$19,Vertragseingänge!$C$4:$C$500,$E$4*1)))),"") | G17: =IFERROR(IF(Steuerung!$B$20="","",IF($E$4="Alle",IF(COUNTIFS(Vertragseingänge!$A$4:$A$500,A17,Vertragseingänge!$E$4:$E$500,Steuerung!$B$20)=0,"",COUNTIFS(Vertragseingänge!$A$4:$A$500,A17,Vertragseingänge!$E$4:$E$500,Steuerung!$B$20)),IF(COUNTIFS(Vertragseingänge!$A$4:$A$500,A17,Vertragseingänge!$E$4:$E$500,Steuerung!$B$20,Vertragseingänge!$C$4:$C$500,$E$4*1)=0,"",COUNTIFS(Vertragseingänge!$A$4:$A$500,A17,Vertragseingänge!$E$4:$E$500,Steuerung!$B$20,Vertragseingänge!$C$4:$C$500,$E$4*1)))),"") | H17: =IFERROR(IF(Steuerung!$B$21="","",IF($E$4="Alle",IF(COUNTIFS(Vertragseingänge!$A$4:$A$500,A17,Vertragseingänge!$E$4:$E$500,Steuerung!$B$21)=0,"",COUNTIFS(Vertragseingänge!$A$4:$A$500,A17,Vertragseingänge!$E$4:$E$500,Steuerung!$B$21)),IF(COUNTIFS(Vertragseingänge!$A$4:$A$500,A17,Vertragseingänge!$E$4:$E$500,Steuerung!$B$21,Vertragseingänge!$C$4:$C$500,$E$4*1)=0,"",COUNTIFS(Vertragseingänge!$A$4:$A$500,A17,Vertragseingänge!$E$4:$E$500,Steuerung!$B$21,Vertragseingänge!$C$4:$C$500,$E$4*1)))),"") | I17: =IFERROR(IF(Steuerung!$B$22="","",IF($E$4="Alle",IF(COUNTIFS(Vertragseingänge!$A$4:$A$500,A17,Vertragseingänge!$E$4:$E$500,Steuerung!$B$22)=0,"",COUNTIFS(Vertragseingänge!$A$4:$A$500,A17,Vertragseingänge!$E$4:$E$500,Steuerung!$B$22)),IF(COUNTIFS(Vertragseingänge!$A$4:$A$500,A17,Vertragseingänge!$E$4:$E$500,Steuerung!$B$22,Vertragseingänge!$C$4:$C$500,$E$4*1)=0,"",COUNTIFS(Vertragseingänge!$A$4:$A$500,A17,Vertragseingänge!$E$4:$E$500,Steuerung!$B$22,Vertragseingänge!$C$4:$C$500,$E$4*1)))),"") | J17: =IFERROR(IF(B17-SUM(C17:I17)=0,"",B17-SUM(C17:I17)),"") | L17: =IF(Steuerung!B6="","",Steuerung!C6) -> Fatima | M17: =IF(Steuerung!$B$6="","",IF($E$4="Alle",SUMIFS('Leads Rohdaten'!$D$4:$D$503,'Leads Rohdaten'!$C$4:$C$503,Steuerung!$B$6,'Leads Rohdaten'!$H$4:$H$503,"Frisch"),SUMIFS('Leads Rohdaten'!$D$4:$D$503,'Leads Rohdaten'!$C$4:$C$503,Steuerung!$B$6,'Leads Rohdaten'!$H$4:$H$503,"Frisch",'Leads Rohdaten'!$A$4:$A$503,$E$4*1))) -> 178 | N17: =IF(Steuerung!$B$6="","",IF($E$4="Alle",SUMIFS('Leads Rohdaten'!$E$4:$E$503,'Leads Rohdaten'!$C$4:$C$503,Steuerung!$B$6,'Leads Rohdaten'!$H$4:$H$503,"Frisch"),SUMIFS('Leads Rohdaten'!$E$4:$E$503,'Leads Rohdaten'!$C$4:$C$503,Steuerung!$B$6,'Leads Rohdaten'!$H$4:$H$503,"Frisch",'Leads Rohdaten'!$A$4:$A$503,$E$4*1))) -> 28 | O17: =IF(Steuerung!$B$6="","","⏳ läuft") -> ⏳ läuft
A18: KW 14 | B18: =IF($E$4="Alle",COUNTIFS(Vertragseingänge!$A$4:$A$500,A18),COUNTIFS(Vertragseingänge!$A$4:$A$500,A18,Vertragseingänge!$C$4:$C$500,$E$4*1)) -> 0 | C18: =IFERROR(IF(Steuerung!$B$16="","",IF($E$4="Alle",IF(COUNTIFS(Vertragseingänge!$A$4:$A$500,A18,Vertragseingänge!$E$4:$E$500,Steuerung!$B$16)=0,"",COUNTIFS(Vertragseingänge!$A$4:$A$500,A18,Vertragseingänge!$E$4:$E$500,Steuerung!$B$16)),IF(COUNTIFS(Vertragseingänge!$A$4:$A$500,A18,Vertragseingänge!$E$4:$E$500,Steuerung!$B$16,Vertragseingänge!$C$4:$C$500,$E$4*1)=0,"",COUNTIFS(Vertragseingänge!$A$4:$A$500,A18,Vertragseingänge!$E$4:$E$500,Steuerung!$B$16,Vertragseingänge!$C$4:$C$500,$E$4*1)))),"") | D18: =IFERROR(IF(Steuerung!$B$17="","",IF($E$4="Alle",IF(COUNTIFS(Vertragseingänge!$A$4:$A$500,A18,Vertragseingänge!$E$4:$E$500,Steuerung!$B$17)=0,"",COUNTIFS(Vertragseingänge!$A$4:$A$500,A18,Vertragseingänge!$E$4:$E$500,Steuerung!$B$17)),IF(COUNTIFS(Vertragseingänge!$A$4:$A$500,A18,Vertragseingänge!$E$4:$E$500,Steuerung!$B$17,Vertragseingänge!$C$4:$C$500,$E$4*1)=0,"",COUNTIFS(Vertragseingänge!$A$4:$A$500,A18,Vertragseingänge!$E$4:$E$500,Steuerung!$B$17,Vertragseingänge!$C$4:$C$500,$E$4*1)))),"") | E18: =IFERROR(IF(Steuerung!$B$18="","",IF($E$4="Alle",IF(COUNTIFS(Vertragseingänge!$A$4:$A$500,A18,Vertragseingänge!$E$4:$E$500,Steuerung!$B$18)=0,"",COUNTIFS(Vertragseingänge!$A$4:$A$500,A18,Vertragseingänge!$E$4:$E$500,Steuerung!$B$18)),IF(COUNTIFS(Vertragseingänge!$A$4:$A$500,A18,Vertragseingänge!$E$4:$E$500,Steuerung!$B$18,Vertragseingänge!$C$4:$C$500,$E$4*1)=0,"",COUNTIFS(Vertragseingänge!$A$4:$A$500,A18,Vertragseingänge!$E$4:$E$500,Steuerung!$B$18,Vertragseingänge!$C$4:$C$500,$E$4*1)))),"") | F18: =IFERROR(IF(Steuerung!$B$19="","",IF($E$4="Alle",IF(COUNTIFS(Vertragseingänge!$A$4:$A$500,A18,Vertragseingänge!$E$4:$E$500,Steuerung!$B$19)=0,"",COUNTIFS(Vertragseingänge!$A$4:$A$500,A18,Vertragseingänge!$E$4:$E$500,Steuerung!$B$19)),IF(COUNTIFS(Vertragseingänge!$A$4:$A$500,A18,Vertragseingänge!$E$4:$E$500,Steuerung!$B$19,Vertragseingänge!$C$4:$C$500,$E$4*1)=0,"",COUNTIFS(Vertragseingänge!$A$4:$A$500,A18,Vertragseingänge!$E$4:$E$500,Steuerung!$B$19,Vertragseingänge!$C$4:$C$500,$E$4*1)))),"") | G18: =IFERROR(IF(Steuerung!$B$20="","",IF($E$4="Alle",IF(COUNTIFS(Vertragseingänge!$A$4:$A$500,A18,Vertragseingänge!$E$4:$E$500,Steuerung!$B$20)=0,"",COUNTIFS(Vertragseingänge!$A$4:$A$500,A18,Vertragseingänge!$E$4:$E$500,Steuerung!$B$20)),IF(COUNTIFS(Vertragseingänge!$A$4:$A$500,A18,Vertragseingänge!$E$4:$E$500,Steuerung!$B$20,Vertragseingänge!$C$4:$C$500,$E$4*1)=0,"",COUNTIFS(Vertragseingänge!$A$4:$A$500,A18,Vertragseingänge!$E$4:$E$500,Steuerung!$B$20,Vertragseingänge!$C$4:$C$500,$E$4*1)))),"") | H18: =IFERROR(IF(Steuerung!$B$21="","",IF($E$4="Alle",IF(COUNTIFS(Vertragseingänge!$A$4:$A$500,A18,Vertragseingänge!$E$4:$E$500,Steuerung!$B$21)=0,"",COUNTIFS(Vertragseingänge!$A$4:$A$500,A18,Vertragseingänge!$E$4:$E$500,Steuerung!$B$21)),IF(COUNTIFS(Vertragseingänge!$A$4:$A$500,A18,Vertragseingänge!$E$4:$E$500,Steuerung!$B$21,Vertragseingänge!$C$4:$C$500,$E$4*1)=0,"",COUNTIFS(Vertragseingänge!$A$4:$A$500,A18,Vertragseingänge!$E$4:$E$500,Steuerung!$B$21,Vertragseingänge!$C$4:$C$500,$E$4*1)))),"") | I18: =IFERROR(IF(Steuerung!$B$22="","",IF($E$4="Alle",IF(COUNTIFS(Vertragseingänge!$A$4:$A$500,A18,Vertragseingänge!$E$4:$E$500,Steuerung!$B$22)=0,"",COUNTIFS(Vertragseingänge!$A$4:$A$500,A18,Vertragseingänge!$E$4:$E$500,Steuerung!$B$22)),IF(COUNTIFS(Vertragseingänge!$A$4:$A$500,A18,Vertragseingänge!$E$4:$E$500,Steuerung!$B$22,Vertragseingänge!$C$4:$C$500,$E$4*1)=0,"",COUNTIFS(Vertragseingänge!$A$4:$A$500,A18,Vertragseingänge!$E$4:$E$500,Steuerung!$B$22,Vertragseingänge!$C$4:$C$500,$E$4*1)))),"") | J18: =IFERROR(IF(B18-SUM(C18:I18)=0,"",B18-SUM(C18:I18)),"") | L18: =IF(Steuerung!B7="","",Steuerung!C7) -> Gabriella | M18: =IF(Steuerung!$B$7="","",IF($E$4="Alle",SUMIFS('Leads Rohdaten'!$D$4:$D$503,'Leads Rohdaten'!$C$4:$C$503,Steuerung!$B$7,'Leads Rohdaten'!$H$4:$H$503,"Frisch"),SUMIFS('Leads Rohdaten'!$D$4:$D$503,'Leads Rohdaten'!$C$4:$C$503,Steuerung!$B$7,'Leads Rohdaten'!$H$4:$H$503,"Frisch",'Leads Rohdaten'!$A$4:$A$503,$E$4*1))) -> 30 | N18: =IF(Steuerung!$B$7="","",IF($E$4="Alle",SUMIFS('Leads Rohdaten'!$E$4:$E$503,'Leads Rohdaten'!$C$4:$C$503,Steuerung!$B$7,'Leads Rohdaten'!$H$4:$H$503,"Frisch"),SUMIFS('Leads Rohdaten'!$E$4:$E$503,'Leads Rohdaten'!$C$4:$C$503,Steuerung!$B$7,'Leads Rohdaten'!$H$4:$H$503,"Frisch",'Leads Rohdaten'!$A$4:$A$503,$E$4*1))) -> 3 | O18: =IF(Steuerung!$B$7="","","⏳ läuft") -> ⏳ läuft
A19: KW 15 | B19: =IF($E$4="Alle",COUNTIFS(Vertragseingänge!$A$4:$A$500,A19),COUNTIFS(Vertragseingänge!$A$4:$A$500,A19,Vertragseingänge!$C$4:$C$500,$E$4*1)) -> 8 | C19: =IFERROR(IF(Steuerung!$B$16="","",IF($E$4="Alle",IF(COUNTIFS(Vertragseingänge!$A$4:$A$500,A19,Vertragseingänge!$E$4:$E$500,Steuerung!$B$16)=0,"",COUNTIFS(Vertragseingänge!$A$4:$A$500,A19,Vertragseingänge!$E$4:$E$500,Steuerung!$B$16)),IF(COUNTIFS(Vertragseingänge!$A$4:$A$500,A19,Vertragseingänge!$E$4:$E$500,Steuerung!$B$16,Vertragseingänge!$C$4:$C$500,$E$4*1)=0,"",COUNTIFS(Vertragseingänge!$A$4:$A$500,A19,Vertragseingänge!$E$4:$E$500,Steuerung!$B$16,Vertragseingänge!$C$4:$C$500,$E$4*1)))),"") -> 4 | D19: =IFERROR(IF(Steuerung!$B$17="","",IF($E$4="Alle",IF(COUNTIFS(Vertragseingänge!$A$4:$A$500,A19,Vertragseingänge!$E$4:$E$500,Steuerung!$B$17)=0,"",COUNTIFS(Vertragseingänge!$A$4:$A$500,A19,Vertragseingänge!$E$4:$E$500,Steuerung!$B$17)),IF(COUNTIFS(Vertragseingänge!$A$4:$A$500,A19,Vertragseingänge!$E$4:$E$500,Steuerung!$B$17,Vertragseingänge!$C$4:$C$500,$E$4*1)=0,"",COUNTIFS(Vertragseingänge!$A$4:$A$500,A19,Vertragseingänge!$E$4:$E$500,Steuerung!$B$17,Vertragseingänge!$C$4:$C$500,$E$4*1)))),"") -> 4 | E19: =IFERROR(IF(Steuerung!$B$18="","",IF($E$4="Alle",IF(COUNTIFS(Vertragseingänge!$A$4:$A$500,A19,Vertragseingänge!$E$4:$E$500,Steuerung!$B$18)=0,"",COUNTIFS(Vertragseingänge!$A$4:$A$500,A19,Vertragseingänge!$E$4:$E$500,Steuerung!$B$18)),IF(COUNTIFS(Vertragseingänge!$A$4:$A$500,A19,Vertragseingänge!$E$4:$E$500,Steuerung!$B$18,Vertragseingänge!$C$4:$C$500,$E$4*1)=0,"",COUNTIFS(Vertragseingänge!$A$4:$A$500,A19,Vertragseingänge!$E$4:$E$500,Steuerung!$B$18,Vertragseingänge!$C$4:$C$500,$E$4*1)))),"") | F19: =IFERROR(IF(Steuerung!$B$19="","",IF($E$4="Alle",IF(COUNTIFS(Vertragseingänge!$A$4:$A$500,A19,Vertragseingänge!$E$4:$E$500,Steuerung!$B$19)=0,"",COUNTIFS(Vertragseingänge!$A$4:$A$500,A19,Vertragseingänge!$E$4:$E$500,Steuerung!$B$19)),IF(COUNTIFS(Vertragseingänge!$A$4:$A$500,A19,Vertragseingänge!$E$4:$E$500,Steuerung!$B$19,Vertragseingänge!$C$4:$C$500,$E$4*1)=0,"",COUNTIFS(Vertragseingänge!$A$4:$A$500,A19,Vertragseingänge!$E$4:$E$500,Steuerung!$B$19,Vertragseingänge!$C$4:$C$500,$E$4*1)))),"") | G19: =IFERROR(IF(Steuerung!$B$20="","",IF($E$4="Alle",IF(COUNTIFS(Vertragseingänge!$A$4:$A$500,A19,Vertragseingänge!$E$4:$E$500,Steuerung!$B$20)=0,"",COUNTIFS(Vertragseingänge!$A$4:$A$500,A19,Vertragseingänge!$E$4:$E$500,Steuerung!$B$20)),IF(COUNTIFS(Vertragseingänge!$A$4:$A$500,A19,Vertragseingänge!$E$4:$E$500,Steuerung!$B$20,Vertragseingänge!$C$4:$C$500,$E$4*1)=0,"",COUNTIFS(Vertragseingänge!$A$4:$A$500,A19,Vertragseingänge!$E$4:$E$500,Steuerung!$B$20,Vertragseingänge!$C$4:$C$500,$E$4*1)))),"") | H19: =IFERROR(IF(Steuerung!$B$21="","",IF($E$4="Alle",IF(COUNTIFS(Vertragseingänge!$A$4:$A$500,A19,Vertragseingänge!$E$4:$E$500,Steuerung!$B$21)=0,"",COUNTIFS(Vertragseingänge!$A$4:$A$500,A19,Vertragseingänge!$E$4:$E$500,Steuerung!$B$21)),IF(COUNTIFS(Vertragseingänge!$A$4:$A$500,A19,Vertragseingänge!$E$4:$E$500,Steuerung!$B$21,Vertragseingänge!$C$4:$C$500,$E$4*1)=0,"",COUNTIFS(Vertragseingänge!$A$4:$A$500,A19,Vertragseingänge!$E$4:$E$500,Steuerung!$B$21,Vertragseingänge!$C$4:$C$500,$E$4*1)))),"") | I19: =IFERROR(IF(Steuerung!$B$22="","",IF($E$4="Alle",IF(COUNTIFS(Vertragseingänge!$A$4:$A$500,A19,Vertragseingänge!$E$4:$E$500,Steuerung!$B$22)=0,"",COUNTIFS(Vertragseingänge!$A$4:$A$500,A19,Vertragseingänge!$E$4:$E$500,Steuerung!$B$22)),IF(COUNTIFS(Vertragseingänge!$A$4:$A$500,A19,Vertragseingänge!$E$4:$E$500,Steuerung!$B$22,Vertragseingänge!$C$4:$C$500,$E$4*1)=0,"",COUNTIFS(Vertragseingänge!$A$4:$A$500,A19,Vertragseingänge!$E$4:$E$500,Steuerung!$B$22,Vertragseingänge!$C$4:$C$500,$E$4*1)))),"") | J19: =IFERROR(IF(B19-SUM(C19:I19)=0,"",B19-SUM(C19:I19)),"") | L19: =IF(Steuerung!B8="","",Steuerung!C8) -> Gerd | M19: =IF(Steuerung!$B$8="","",IF($E$4="Alle",SUMIFS('Leads Rohdaten'!$D$4:$D$503,'Leads Rohdaten'!$C$4:$C$503,Steuerung!$B$8,'Leads Rohdaten'!$H$4:$H$503,"Frisch"),SUMIFS('Leads Rohdaten'!$D$4:$D$503,'Leads Rohdaten'!$C$4:$C$503,Steuerung!$B$8,'Leads Rohdaten'!$H$4:$H$503,"Frisch",'Leads Rohdaten'!$A$4:$A$503,$E$4*1))) -> 3 | N19: =IF(Steuerung!$B$8="","",IF($E$4="Alle",SUMIFS('Leads Rohdaten'!$E$4:$E$503,'Leads Rohdaten'!$C$4:$C$503,Steuerung!$B$8,'Leads Rohdaten'!$H$4:$H$503,"Frisch"),SUMIFS('Leads Rohdaten'!$E$4:$E$503,'Leads Rohdaten'!$C$4:$C$503,Steuerung!$B$8,'Leads Rohdaten'!$H$4:$H$503,"Frisch",'Leads Rohdaten'!$A$4:$A$503,$E$4*1))) -> 0 | O19: =IF(Steuerung!$B$8="","","⏳ läuft") -> ⏳ läuft
A20: KW 16 | B20: =IF($E$4="Alle",COUNTIFS(Vertragseingänge!$A$4:$A$500,A20),COUNTIFS(Vertragseingänge!$A$4:$A$500,A20,Vertragseingänge!$C$4:$C$500,$E$4*1)) -> 5 | C20: =IFERROR(IF(Steuerung!$B$16="","",IF($E$4="Alle",IF(COUNTIFS(Vertragseingänge!$A$4:$A$500,A20,Vertragseingänge!$E$4:$E$500,Steuerung!$B$16)=0,"",COUNTIFS(Vertragseingänge!$A$4:$A$500,A20,Vertragseingänge!$E$4:$E$500,Steuerung!$B$16)),IF(COUNTIFS(Vertragseingänge!$A$4:$A$500,A20,Vertragseingänge!$E$4:$E$500,Steuerung!$B$16,Vertragseingänge!$C$4:$C$500,$E$4*1)=0,"",COUNTIFS(Vertragseingänge!$A$4:$A$500,A20,Vertragseingänge!$E$4:$E$500,Steuerung!$B$16,Vertragseingänge!$C$4:$C$500,$E$4*1)))),"") | D20: =IFERROR(IF(Steuerung!$B$17="","",IF($E$4="Alle",IF(COUNTIFS(Vertragseingänge!$A$4:$A$500,A20,Vertragseingänge!$E$4:$E$500,Steuerung!$B$17)=0,"",COUNTIFS(Vertragseingänge!$A$4:$A$500,A20,Vertragseingänge!$E$4:$E$500,Steuerung!$B$17)),IF(COUNTIFS(Vertragseingänge!$A$4:$A$500,A20,Vertragseingänge!$E$4:$E$500,Steuerung!$B$17,Vertragseingänge!$C$4:$C$500,$E$4*1)=0,"",COUNTIFS(Vertragseingänge!$A$4:$A$500,A20,Vertragseingänge!$E$4:$E$500,Steuerung!$B$17,Vertragseingänge!$C$4:$C$500,$E$4*1)))),"") -> 5 | E20: =IFERROR(IF(Steuerung!$B$18="","",IF($E$4="Alle",IF(COUNTIFS(Vertragseingänge!$A$4:$A$500,A20,Vertragseingänge!$E$4:$E$500,Steuerung!$B$18)=0,"",COUNTIFS(Vertragseingänge!$A$4:$A$500,A20,Vertragseingänge!$E$4:$E$500,Steuerung!$B$18)),IF(COUNTIFS(Vertragseingänge!$A$4:$A$500,A20,Vertragseingänge!$E$4:$E$500,Steuerung!$B$18,Vertragseingänge!$C$4:$C$500,$E$4*1)=0,"",COUNTIFS(Vertragseingänge!$A$4:$A$500,A20,Vertragseingänge!$E$4:$E$500,Steuerung!$B$18,Vertragseingänge!$C$4:$C$500,$E$4*1)))),"") | F20: =IFERROR(IF(Steuerung!$B$19="","",IF($E$4="Alle",IF(COUNTIFS(Vertragseingänge!$A$4:$A$500,A20,Vertragseingänge!$E$4:$E$500,Steuerung!$B$19)=0,"",COUNTIFS(Vertragseingänge!$A$4:$A$500,A20,Vertragseingänge!$E$4:$E$500,Steuerung!$B$19)),IF(COUNTIFS(Vertragseingänge!$A$4:$A$500,A20,Vertragseingänge!$E$4:$E$500,Steuerung!$B$19,Vertragseingänge!$C$4:$C$500,$E$4*1)=0,"",COUNTIFS(Vertragseingänge!$A$4:$A$500,A20,Vertragseingänge!$E$4:$E$500,Steuerung!$B$19,Vertragseingänge!$C$4:$C$500,$E$4*1)))),"") | G20: =IFERROR(IF(Steuerung!$B$20="","",IF($E$4="Alle",IF(COUNTIFS(Vertragseingänge!$A$4:$A$500,A20,Vertragseingänge!$E$4:$E$500,Steuerung!$B$20)=0,"",COUNTIFS(Vertragseingänge!$A$4:$A$500,A20,Vertragseingänge!$E$4:$E$500,Steuerung!$B$20)),IF(COUNTIFS(Vertragseingänge!$A$4:$A$500,A20,Vertragseingänge!$E$4:$E$500,Steuerung!$B$20,Vertragseingänge!$C$4:$C$500,$E$4*1)=0,"",COUNTIFS(Vertragseingänge!$A$4:$A$500,A20,Vertragseingänge!$E$4:$E$500,Steuerung!$B$20,Vertragseingänge!$C$4:$C$500,$E$4*1)))),"") | H20: =IFERROR(IF(Steuerung!$B$21="","",IF($E$4="Alle",IF(COUNTIFS(Vertragseingänge!$A$4:$A$500,A20,Vertragseingänge!$E$4:$E$500,Steuerung!$B$21)=0,"",COUNTIFS(Vertragseingänge!$A$4:$A$500,A20,Vertragseingänge!$E$4:$E$500,Steuerung!$B$21)),IF(COUNTIFS(Vertragseingänge!$A$4:$A$500,A20,Vertragseingänge!$E$4:$E$500,Steuerung!$B$21,Vertragseingänge!$C$4:$C$500,$E$4*1)=0,"",COUNTIFS(Vertragseingänge!$A$4:$A$500,A20,Vertragseingänge!$E$4:$E$500,Steuerung!$B$21,Vertragseingänge!$C$4:$C$500,$E$4*1)))),"") | I20: =IFERROR(IF(Steuerung!$B$22="","",IF($E$4="Alle",IF(COUNTIFS(Vertragseingänge!$A$4:$A$500,A20,Vertragseingänge!$E$4:$E$500,Steuerung!$B$22)=0,"",COUNTIFS(Vertragseingänge!$A$4:$A$500,A20,Vertragseingänge!$E$4:$E$500,Steuerung!$B$22)),IF(COUNTIFS(Vertragseingänge!$A$4:$A$500,A20,Vertragseingänge!$E$4:$E$500,Steuerung!$B$22,Vertragseingänge!$C$4:$C$500,$E$4*1)=0,"",COUNTIFS(Vertragseingänge!$A$4:$A$500,A20,Vertragseingänge!$E$4:$E$500,Steuerung!$B$22,Vertragseingänge!$C$4:$C$500,$E$4*1)))),"") | J20: =IFERROR(IF(B20-SUM(C20:I20)=0,"",B20-SUM(C20:I20)),"") | L20: =IF(Steuerung!B9="","",Steuerung!C9) -> David | M20: =IF(Steuerung!$B$9="","",IF($E$4="Alle",SUMIFS('Leads Rohdaten'!$D$4:$D$503,'Leads Rohdaten'!$C$4:$C$503,Steuerung!$B$9,'Leads Rohdaten'!$H$4:$H$503,"Frisch"),SUMIFS('Leads Rohdaten'!$D$4:$D$503,'Leads Rohdaten'!$C$4:$C$503,Steuerung!$B$9,'Leads Rohdaten'!$H$4:$H$503,"Frisch",'Leads Rohdaten'!$A$4:$A$503,$E$4*1))) -> 125 | N20: =IF(Steuerung!$B$9="","",IF($E$4="Alle",SUMIFS('Leads Rohdaten'!$E$4:$E$503,'Leads Rohdaten'!$C$4:$C$503,Steuerung!$B$9,'Leads Rohdaten'!$H$4:$H$503,"Frisch"),SUMIFS('Leads Rohdaten'!$E$4:$E$503,'Leads Rohdaten'!$C$4:$C$503,Steuerung!$B$9,'Leads Rohdaten'!$H$4:$H$503,"Frisch",'Leads Rohdaten'!$A$4:$A$503,$E$4*1))) -> 35 | O20: =IF(Steuerung!$B$9="","","⏳ läuft") -> ⏳ läuft
A21: KW 17 | B21: =IF($E$4="Alle",COUNTIFS(Vertragseingänge!$A$4:$A$500,A21),COUNTIFS(Vertragseingänge!$A$4:$A$500,A21,Vertragseingänge!$C$4:$C$500,$E$4*1)) -> 7 | C21: =IFERROR(IF(Steuerung!$B$16="","",IF($E$4="Alle",IF(COUNTIFS(Vertragseingänge!$A$4:$A$500,A21,Vertragseingänge!$E$4:$E$500,Steuerung!$B$16)=0,"",COUNTIFS(Vertragseingänge!$A$4:$A$500,A21,Vertragseingänge!$E$4:$E$500,Steuerung!$B$16)),IF(COUNTIFS(Vertragseingänge!$A$4:$A$500,A21,Vertragseingänge!$E$4:$E$500,Steuerung!$B$16,Vertragseingänge!$C$4:$C$500,$E$4*1)=0,"",COUNTIFS(Vertragseingänge!$A$4:$A$500,A21,Vertragseingänge!$E$4:$E$500,Steuerung!$B$16,Vertragseingänge!$C$4:$C$500,$E$4*1)))),"") -> 1 | D21: =IFERROR(IF(Steuerung!$B$17="","",IF($E$4="Alle",IF(COUNTIFS(Vertragseingänge!$A$4:$A$500,A21,Vertragseingänge!$E$4:$E$500,Steuerung!$B$17)=0,"",COUNTIFS(Vertragseingänge!$A$4:$A$500,A21,Vertragseingänge!$E$4:$E$500,Steuerung!$B$17)),IF(COUNTIFS(Vertragseingänge!$A$4:$A$500,A21,Vertragseingänge!$E$4:$E$500,Steuerung!$B$17,Vertragseingänge!$C$4:$C$500,$E$4*1)=0,"",COUNTIFS(Vertragseingänge!$A$4:$A$500,A21,Vertragseingänge!$E$4:$E$500,Steuerung!$B$17,Vertragseingänge!$C$4:$C$500,$E$4*1)))),"") -> 3 | E21: =IFERROR(IF(Steuerung!$B$18="","",IF($E$4="Alle",IF(COUNTIFS(Vertragseingänge!$A$4:$A$500,A21,Vertragseingänge!$E$4:$E$500,Steuerung!$B$18)=0,"",COUNTIFS(Vertragseingänge!$A$4:$A$500,A21,Vertragseingänge!$E$4:$E$500,Steuerung!$B$18)),IF(COUNTIFS(Vertragseingänge!$A$4:$A$500,A21,Vertragseingänge!$E$4:$E$500,Steuerung!$B$18,Vertragseingänge!$C$4:$C$500,$E$4*1)=0,"",COUNTIFS(Vertragseingänge!$A$4:$A$500,A21,Vertragseingänge!$E$4:$E$500,Steuerung!$B$18,Vertragseingänge!$C$4:$C$500,$E$4*1)))),"") | F21: =IFERROR(IF(Steuerung!$B$19="","",IF($E$4="Alle",IF(COUNTIFS(Vertragseingänge!$A$4:$A$500,A21,Vertragseingänge!$E$4:$E$500,Steuerung!$B$19)=0,"",COUNTIFS(Vertragseingänge!$A$4:$A$500,A21,Vertragseingänge!$E$4:$E$500,Steuerung!$B$19)),IF(COUNTIFS(Vertragseingänge!$A$4:$A$500,A21,Vertragseingänge!$E$4:$E$500,Steuerung!$B$19,Vertragseingänge!$C$4:$C$500,$E$4*1)=0,"",COUNTIFS(Vertragseingänge!$A$4:$A$500,A21,Vertragseingänge!$E$4:$E$500,Steuerung!$B$19,Vertragseingänge!$C$4:$C$500,$E$4*1)))),"") | G21: =IFERROR(IF(Steuerung!$B$20="","",IF($E$4="Alle",IF(COUNTIFS(Vertragseingänge!$A$4:$A$500,A21,Vertragseingänge!$E$4:$E$500,Steuerung!$B$20)=0,"",COUNTIFS(Vertragseingänge!$A$4:$A$500,A21,Vertragseingänge!$E$4:$E$500,Steuerung!$B$20)),IF(COUNTIFS(Vertragseingänge!$A$4:$A$500,A21,Vertragseingänge!$E$4:$E$500,Steuerung!$B$20,Vertragseingänge!$C$4:$C$500,$E$4*1)=0,"",COUNTIFS(Vertragseingänge!$A$4:$A$500,A21,Vertragseingänge!$E$4:$E$500,Steuerung!$B$20,Vertragseingänge!$C$4:$C$500,$E$4*1)))),"") | H21: =IFERROR(IF(Steuerung!$B$21="","",IF($E$4="Alle",IF(COUNTIFS(Vertragseingänge!$A$4:$A$500,A21,Vertragseingänge!$E$4:$E$500,Steuerung!$B$21)=0,"",COUNTIFS(Vertragseingänge!$A$4:$A$500,A21,Vertragseingänge!$E$4:$E$500,Steuerung!$B$21)),IF(COUNTIFS(Vertragseingänge!$A$4:$A$500,A21,Vertragseingänge!$E$4:$E$500,Steuerung!$B$21,Vertragseingänge!$C$4:$C$500,$E$4*1)=0,"",COUNTIFS(Vertragseingänge!$A$4:$A$500,A21,Vertragseingänge!$E$4:$E$500,Steuerung!$B$21,Vertragseingänge!$C$4:$C$500,$E$4*1)))),"") | I21: =IFERROR(IF(Steuerung!$B$22="","",IF($E$4="Alle",IF(COUNTIFS(Vertragseingänge!$A$4:$A$500,A21,Vertragseingänge!$E$4:$E$500,Steuerung!$B$22)=0,"",COUNTIFS(Vertragseingänge!$A$4:$A$500,A21,Vertragseingänge!$E$4:$E$500,Steuerung!$B$22)),IF(COUNTIFS(Vertragseingänge!$A$4:$A$500,A21,Vertragseingänge!$E$4:$E$500,Steuerung!$B$22,Vertragseingänge!$C$4:$C$500,$E$4*1)=0,"",COUNTIFS(Vertragseingänge!$A$4:$A$500,A21,Vertragseingänge!$E$4:$E$500,Steuerung!$B$22,Vertragseingänge!$C$4:$C$500,$E$4*1)))),"") -> 1 | J21: =IFERROR(IF(B21-SUM(C21:I21)=0,"",B21-SUM(C21:I21)),"") -> 2 | L21: =IF(Steuerung!B10="","",Steuerung!C10) | M21: =IF(Steuerung!$B$10="","",IF($E$4="Alle",SUMIFS('Leads Rohdaten'!$D$4:$D$503,'Leads Rohdaten'!$C$4:$C$503,Steuerung!$B$10,'Leads Rohdaten'!$H$4:$H$503,"Frisch"),SUMIFS('Leads Rohdaten'!$D$4:$D$503,'Leads Rohdaten'!$C$4:$C$503,Steuerung!$B$10,'Leads Rohdaten'!$H$4:$H$503,"Frisch",'Leads Rohdaten'!$A$4:$A$503,$E$4*1))) | N21: =IF(Steuerung!$B$10="","",IF($E$4="Alle",SUMIFS('Leads Rohdaten'!$E$4:$E$503,'Leads Rohdaten'!$C$4:$C$503,Steuerung!$B$10,'Leads Rohdaten'!$H$4:$H$503,"Frisch"),SUMIFS('Leads Rohdaten'!$E$4:$E$503,'Leads Rohdaten'!$C$4:$C$503,Steuerung!$B$10,'Leads Rohdaten'!$H$4:$H$503,"Frisch",'Leads Rohdaten'!$A$4:$A$503,$E$4*1))) | O21: =IF(Steuerung!$B$10="","","⏳ läuft")
A22: KW 18 | B22: =IF($E$4="Alle",COUNTIFS(Vertragseingänge!$A$4:$A$500,A22),COUNTIFS(Vertragseingänge!$A$4:$A$500,A22,Vertragseingänge!$C$4:$C$500,$E$4*1)) -> 7 | C22: =IFERROR(IF(Steuerung!$B$16="","",IF($E$4="Alle",IF(COUNTIFS(Vertragseingänge!$A$4:$A$500,A22,Vertragseingänge!$E$4:$E$500,Steuerung!$B$16)=0,"",COUNTIFS(Vertragseingänge!$A$4:$A$500,A22,Vertragseingänge!$E$4:$E$500,Steuerung!$B$16)),IF(COUNTIFS(Vertragseingänge!$A$4:$A$500,A22,Vertragseingänge!$E$4:$E$500,Steuerung!$B$16,Vertragseingänge!$C$4:$C$500,$E$4*1)=0,"",COUNTIFS(Vertragseingänge!$A$4:$A$500,A22,Vertragseingänge!$E$4:$E$500,Steuerung!$B$16,Vertragseingänge!$C$4:$C$500,$E$4*1)))),"") -> 3 | D22: =IFERROR(IF(Steuerung!$B$17="","",IF($E$4="Alle",IF(COUNTIFS(Vertragseingänge!$A$4:$A$500,A22,Vertragseingänge!$E$4:$E$500,Steuerung!$B$17)=0,"",COUNTIFS(Vertragseingänge!$A$4:$A$500,A22,Vertragseingänge!$E$4:$E$500,Steuerung!$B$17)),IF(COUNTIFS(Vertragseingänge!$A$4:$A$500,A22,Vertragseingänge!$E$4:$E$500,Steuerung!$B$17,Vertragseingänge!$C$4:$C$500,$E$4*1)=0,"",COUNTIFS(Vertragseingänge!$A$4:$A$500,A22,Vertragseingänge!$E$4:$E$500,Steuerung!$B$17,Vertragseingänge!$C$4:$C$500,$E$4*1)))),"") -> 3 | E22: =IFERROR(IF(Steuerung!$B$18="","",IF($E$4="Alle",IF(COUNTIFS(Vertragseingänge!$A$4:$A$500,A22,Vertragseingänge!$E$4:$E$500,Steuerung!$B$18)=0,"",COUNTIFS(Vertragseingänge!$A$4:$A$500,A22,Vertragseingänge!$E$4:$E$500,Steuerung!$B$18)),IF(COUNTIFS(Vertragseingänge!$A$4:$A$500,A22,Vertragseingänge!$E$4:$E$500,Steuerung!$B$18,Vertragseingänge!$C$4:$C$500,$E$4*1)=0,"",COUNTIFS(Vertragseingänge!$A$4:$A$500,A22,Vertragseingänge!$E$4:$E$500,Steuerung!$B$18,Vertragseingänge!$C$4:$C$500,$E$4*1)))),"") | F22: =IFERROR(IF(Steuerung!$B$19="","",IF($E$4="Alle",IF(COUNTIFS(Vertragseingänge!$A$4:$A$500,A22,Vertragseingänge!$E$4:$E$500,Steuerung!$B$19)=0,"",COUNTIFS(Vertragseingänge!$A$4:$A$500,A22,Vertragseingänge!$E$4:$E$500,Steuerung!$B$19)),IF(COUNTIFS(Vertragseingänge!$A$4:$A$500,A22,Vertragseingänge!$E$4:$E$500,Steuerung!$B$19,Vertragseingänge!$C$4:$C$500,$E$4*1)=0,"",COUNTIFS(Vertragseingänge!$A$4:$A$500,A22,Vertragseingänge!$E$4:$E$500,Steuerung!$B$19,Vertragseingänge!$C$4:$C$500,$E$4*1)))),"") | G22: =IFERROR(IF(Steuerung!$B$20="","",IF($E$4="Alle",IF(COUNTIFS(Vertragseingänge!$A$4:$A$500,A22,Vertragseingänge!$E$4:$E$500,Steuerung!$B$20)=0,"",COUNTIFS(Vertragseingänge!$A$4:$A$500,A22,Vertragseingänge!$E$4:$E$500,Steuerung!$B$20)),IF(COUNTIFS(Vertragseingänge!$A$4:$A$500,A22,Vertragseingänge!$E$4:$E$500,Steuerung!$B$20,Vertragseingänge!$C$4:$C$500,$E$4*1)=0,"",COUNTIFS(Vertragseingänge!$A$4:$A$500,A22,Vertragseingänge!$E$4:$E$500,Steuerung!$B$20,Vertragseingänge!$C$4:$C$500,$E$4*1)))),"") | H22: =IFERROR(IF(Steuerung!$B$21="","",IF($E$4="Alle",IF(COUNTIFS(Vertragseingänge!$A$4:$A$500,A22,Vertragseingänge!$E$4:$E$500,Steuerung!$B$21)=0,"",COUNTIFS(Vertragseingänge!$A$4:$A$500,A22,Vertragseingänge!$E$4:$E$500,Steuerung!$B$21)),IF(COUNTIFS(Vertragseingänge!$A$4:$A$500,A22,Vertragseingänge!$E$4:$E$500,Steuerung!$B$21,Vertragseingänge!$C$4:$C$500,$E$4*1)=0,"",COUNTIFS(Vertragseingänge!$A$4:$A$500,A22,Vertragseingänge!$E$4:$E$500,Steuerung!$B$21,Vertragseingänge!$C$4:$C$500,$E$4*1)))),"") | I22: =IFERROR(IF(Steuerung!$B$22="","",IF($E$4="Alle",IF(COUNTIFS(Vertragseingänge!$A$4:$A$500,A22,Vertragseingänge!$E$4:$E$500,Steuerung!$B$22)=0,"",COUNTIFS(Vertragseingänge!$A$4:$A$500,A22,Vertragseingänge!$E$4:$E$500,Steuerung!$B$22)),IF(COUNTIFS(Vertragseingänge!$A$4:$A$500,A22,Vertragseingänge!$E$4:$E$500,Steuerung!$B$22,Vertragseingänge!$C$4:$C$500,$E$4*1)=0,"",COUNTIFS(Vertragseingänge!$A$4:$A$500,A22,Vertragseingänge!$E$4:$E$500,Steuerung!$B$22,Vertragseingänge!$C$4:$C$500,$E$4*1)))),"") | J22: =IFERROR(IF(B22-SUM(C22:I22)=0,"",B22-SUM(C22:I22)),"") -> 1 | L22: =IF(Steuerung!B11="","",Steuerung!C11) | M22: =IF(Steuerung!$B$11="","",IF($E$4="Alle",SUMIFS('Leads Rohdaten'!$D$4:$D$503,'Leads Rohdaten'!$C$4:$C$503,Steuerung!$B$11,'Leads Rohdaten'!$H$4:$H$503,"Frisch"),SUMIFS('Leads Rohdaten'!$D$4:$D$503,'Leads Rohdaten'!$C$4:$C$503,Steuerung!$B$11,'Leads Rohdaten'!$H$4:$H$503,"Frisch",'Leads Rohdaten'!$A$4:$A$503,$E$4*1))) | N22: =IF(Steuerung!$B$11="","",IF($E$4="Alle",SUMIFS('Leads Rohdaten'!$E$4:$E$503,'Leads Rohdaten'!$C$4:$C$503,Steuerung!$B$11,'Leads Rohdaten'!$H$4:$H$503,"Frisch"),SUMIFS('Leads Rohdaten'!$E$4:$E$503,'Leads Rohdaten'!$C$4:$C$503,Steuerung!$B$11,'Leads Rohdaten'!$H$4:$H$503,"Frisch",'Leads Rohdaten'!$A$4:$A$503,$E$4*1))) | O22: =IF(Steuerung!$B$11="","","⏳ läuft")
A23: KW 19 | B23: =IF($E$4="Alle",COUNTIFS(Vertragseingänge!$A$4:$A$500,A23),COUNTIFS(Vertragseingänge!$A$4:$A$500,A23,Vertragseingänge!$C$4:$C$500,$E$4*1)) -> 8 | C23: =IFERROR(IF(Steuerung!$B$16="","",IF($E$4="Alle",IF(COUNTIFS(Vertragseingänge!$A$4:$A$500,A23,Vertragseingänge!$E$4:$E$500,Steuerung!$B$16)=0,"",COUNTIFS(Vertragseingänge!$A$4:$A$500,A23,Vertragseingänge!$E$4:$E$500,Steuerung!$B$16)),IF(COUNTIFS(Vertragseingänge!$A$4:$A$500,A23,Vertragseingänge!$E$4:$E$500,Steuerung!$B$16,Vertragseingänge!$C$4:$C$500,$E$4*1)=0,"",COUNTIFS(Vertragseingänge!$A$4:$A$500,A23,Vertragseingänge!$E$4:$E$500,Steuerung!$B$16,Vertragseingänge!$C$4:$C$500,$E$4*1)))),"") -> 2 | D23: =IFERROR(IF(Steuerung!$B$17="","",IF($E$4="Alle",IF(COUNTIFS(Vertragseingänge!$A$4:$A$500,A23,Vertragseingänge!$E$4:$E$500,Steuerung!$B$17)=0,"",COUNTIFS(Vertragseingänge!$A$4:$A$500,A23,Vertragseingänge!$E$4:$E$500,Steuerung!$B$17)),IF(COUNTIFS(Vertragseingänge!$A$4:$A$500,A23,Vertragseingänge!$E$4:$E$500,Steuerung!$B$17,Vertragseingänge!$C$4:$C$500,$E$4*1)=0,"",COUNTIFS(Vertragseingänge!$A$4:$A$500,A23,Vertragseingänge!$E$4:$E$500,Steuerung!$B$17,Vertragseingänge!$C$4:$C$500,$E$4*1)))),"") -> 1 | E23: =IFERROR(IF(Steuerung!$B$18="","",IF($E$4="Alle",IF(COUNTIFS(Vertragseingänge!$A$4:$A$500,A23,Vertragseingänge!$E$4:$E$500,Steuerung!$B$18)=0,"",COUNTIFS(Vertragseingänge!$A$4:$A$500,A23,Vertragseingänge!$E$4:$E$500,Steuerung!$B$18)),IF(COUNTIFS(Vertragseingänge!$A$4:$A$500,A23,Vertragseingänge!$E$4:$E$500,Steuerung!$B$18,Vertragseingänge!$C$4:$C$500,$E$4*1)=0,"",COUNTIFS(Vertragseingänge!$A$4:$A$500,A23,Vertragseingänge!$E$4:$E$500,Steuerung!$B$18,Vertragseingänge!$C$4:$C$500,$E$4*1)))),"") -> 4 | F23: =IFERROR(IF(Steuerung!$B$19="","",IF($E$4="Alle",IF(COUNTIFS(Vertragseingänge!$A$4:$A$500,A23,Vertragseingänge!$E$4:$E$500,Steuerung!$B$19)=0,"",COUNTIFS(Vertragseingänge!$A$4:$A$500,A23,Vertragseingänge!$E$4:$E$500,Steuerung!$B$19)),IF(COUNTIFS(Vertragseingänge!$A$4:$A$500,A23,Vertragseingänge!$E$4:$E$500,Steuerung!$B$19,Vertragseingänge!$C$4:$C$500,$E$4*1)=0,"",COUNTIFS(Vertragseingänge!$A$4:$A$500,A23,Vertragseingänge!$E$4:$E$500,Steuerung!$B$19,Vertragseingänge!$C$4:$C$500,$E$4*1)))),"") | G23: =IFERROR(IF(Steuerung!$B$20="","",IF($E$4="Alle",IF(COUNTIFS(Vertragseingänge!$A$4:$A$500,A23,Vertragseingänge!$E$4:$E$500,Steuerung!$B$20)=0,"",COUNTIFS(Vertragseingänge!$A$4:$A$500,A23,Vertragseingänge!$E$4:$E$500,Steuerung!$B$20)),IF(COUNTIFS(Vertragseingänge!$A$4:$A$500,A23,Vertragseingänge!$E$4:$E$500,Steuerung!$B$20,Vertragseingänge!$C$4:$C$500,$E$4*1)=0,"",COUNTIFS(Vertragseingänge!$A$4:$A$500,A23,Vertragseingänge!$E$4:$E$500,Steuerung!$B$20,Vertragseingänge!$C$4:$C$500,$E$4*1)))),"") | H23: =IFERROR(IF(Steuerung!$B$21="","",IF($E$4="Alle",IF(COUNTIFS(Vertragseingänge!$A$4:$A$500,A23,Vertragseingänge!$E$4:$E$500,Steuerung!$B$21)=0,"",COUNTIFS(Vertragseingänge!$A$4:$A$500,A23,Vertragseingänge!$E$4:$E$500,Steuerung!$B$21)),IF(COUNTIFS(Vertragseingänge!$A$4:$A$500,A23,Vertragseingänge!$E$4:$E$500,Steuerung!$B$21,Vertragseingänge!$C$4:$C$500,$E$4*1)=0,"",COUNTIFS(Vertragseingänge!$A$4:$A$500,A23,Vertragseingänge!$E$4:$E$500,Steuerung!$B$21,Vertragseingänge!$C$4:$C$500,$E$4*1)))),"") | I23: =IFERROR(IF(Steuerung!$B$22="","",IF($E$4="Alle",IF(COUNTIFS(Vertragseingänge!$A$4:$A$500,A23,Vertragseingänge!$E$4:$E$500,Steuerung!$B$22)=0,"",COUNTIFS(Vertragseingänge!$A$4:$A$500,A23,Vertragseingänge!$E$4:$E$500,Steuerung!$B$22)),IF(COUNTIFS(Vertragseingänge!$A$4:$A$500,A23,Vertragseingänge!$E$4:$E$500,Steuerung!$B$22,Vertragseingänge!$C$4:$C$500,$E$4*1)=0,"",COUNTIFS(Vertragseingänge!$A$4:$A$500,A23,Vertragseingänge!$E$4:$E$500,Steuerung!$B$22,Vertragseingänge!$C$4:$C$500,$E$4*1)))),"") | J23: =IFERROR(IF(B23-SUM(C23:I23)=0,"",B23-SUM(C23:I23)),"") -> 1 | L23: GESAMT | M23: =SUM(M17:M22) -> 336 | N23: =SUM(N17:N22) -> 66 | O23: ⏳
A24: KW 20 | B24: =IF($E$4="Alle",COUNTIFS(Vertragseingänge!$A$4:$A$500,A24),COUNTIFS(Vertragseingänge!$A$4:$A$500,A24,Vertragseingänge!$C$4:$C$500,$E$4*1)) -> 4 | C24: =IFERROR(IF(Steuerung!$B$16="","",IF($E$4="Alle",IF(COUNTIFS(Vertragseingänge!$A$4:$A$500,A24,Vertragseingänge!$E$4:$E$500,Steuerung!$B$16)=0,"",COUNTIFS(Vertragseingänge!$A$4:$A$500,A24,Vertragseingänge!$E$4:$E$500,Steuerung!$B$16)),IF(COUNTIFS(Vertragseingänge!$A$4:$A$500,A24,Vertragseingänge!$E$4:$E$500,Steuerung!$B$16,Vertragseingänge!$C$4:$C$500,$E$4*1)=0,"",COUNTIFS(Vertragseingänge!$A$4:$A$500,A24,Vertragseingänge!$E$4:$E$500,Steuerung!$B$16,Vertragseingänge!$C$4:$C$500,$E$4*1)))),"") -> 3 | D24: =IFERROR(IF(Steuerung!$B$17="","",IF($E$4="Alle",IF(COUNTIFS(Vertragseingänge!$A$4:$A$500,A24,Vertragseingänge!$E$4:$E$500,Steuerung!$B$17)=0,"",COUNTIFS(Vertragseingänge!$A$4:$A$500,A24,Vertragseingänge!$E$4:$E$500,Steuerung!$B$17)),IF(COUNTIFS(Vertragseingänge!$A$4:$A$500,A24,Vertragseingänge!$E$4:$E$500,Steuerung!$B$17,Vertragseingänge!$C$4:$C$500,$E$4*1)=0,"",COUNTIFS(Vertragseingänge!$A$4:$A$500,A24,Vertragseingänge!$E$4:$E$500,Steuerung!$B$17,Vertragseingänge!$C$4:$C$500,$E$4*1)))),"") | E24: =IFERROR(IF(Steuerung!$B$18="","",IF($E$4="Alle",IF(COUNTIFS(Vertragseingänge!$A$4:$A$500,A24,Vertragseingänge!$E$4:$E$500,Steuerung!$B$18)=0,"",COUNTIFS(Vertragseingänge!$A$4:$A$500,A24,Vertragseingänge!$E$4:$E$500,Steuerung!$B$18)),IF(COUNTIFS(Vertragseingänge!$A$4:$A$500,A24,Vertragseingänge!$E$4:$E$500,Steuerung!$B$18,Vertragseingänge!$C$4:$C$500,$E$4*1)=0,"",COUNTIFS(Vertragseingänge!$A$4:$A$500,A24,Vertragseingänge!$E$4:$E$500,Steuerung!$B$18,Vertragseingänge!$C$4:$C$500,$E$4*1)))),"") | F24: =IFERROR(IF(Steuerung!$B$19="","",IF($E$4="Alle",IF(COUNTIFS(Vertragseingänge!$A$4:$A$500,A24,Vertragseingänge!$E$4:$E$500,Steuerung!$B$19)=0,"",COUNTIFS(Vertragseingänge!$A$4:$A$500,A24,Vertragseingänge!$E$4:$E$500,Steuerung!$B$19)),IF(COUNTIFS(Vertragseingänge!$A$4:$A$500,A24,Vertragseingänge!$E$4:$E$500,Steuerung!$B$19,Vertragseingänge!$C$4:$C$500,$E$4*1)=0,"",COUNTIFS(Vertragseingänge!$A$4:$A$500,A24,Vertragseingänge!$E$4:$E$500,Steuerung!$B$19,Vertragseingänge!$C$4:$C$500,$E$4*1)))),"") | G24: =IFERROR(IF(Steuerung!$B$20="","",IF($E$4="Alle",IF(COUNTIFS(Vertragseingänge!$A$4:$A$500,A24,Vertragseingänge!$E$4:$E$500,Steuerung!$B$20)=0,"",COUNTIFS(Vertragseingänge!$A$4:$A$500,A24,Vertragseingänge!$E$4:$E$500,Steuerung!$B$20)),IF(COUNTIFS(Vertragseingänge!$A$4:$A$500,A24,Vertragseingänge!$E$4:$E$500,Steuerung!$B$20,Vertragseingänge!$C$4:$C$500,$E$4*1)=0,"",COUNTIFS(Vertragseingänge!$A$4:$A$500,A24,Vertragseingänge!$E$4:$E$500,Steuerung!$B$20,Vertragseingänge!$C$4:$C$500,$E$4*1)))),"") | H24: =IFERROR(IF(Steuerung!$B$21="","",IF($E$4="Alle",IF(COUNTIFS(Vertragseingänge!$A$4:$A$500,A24,Vertragseingänge!$E$4:$E$500,Steuerung!$B$21)=0,"",COUNTIFS(Vertragseingänge!$A$4:$A$500,A24,Vertragseingänge!$E$4:$E$500,Steuerung!$B$21)),IF(COUNTIFS(Vertragseingänge!$A$4:$A$500,A24,Vertragseingänge!$E$4:$E$500,Steuerung!$B$21,Vertragseingänge!$C$4:$C$500,$E$4*1)=0,"",COUNTIFS(Vertragseingänge!$A$4:$A$500,A24,Vertragseingänge!$E$4:$E$500,Steuerung!$B$21,Vertragseingänge!$C$4:$C$500,$E$4*1)))),"") | I24: =IFERROR(IF(Steuerung!$B$22="","",IF($E$4="Alle",IF(COUNTIFS(Vertragseingänge!$A$4:$A$500,A24,Vertragseingänge!$E$4:$E$500,Steuerung!$B$22)=0,"",COUNTIFS(Vertragseingänge!$A$4:$A$500,A24,Vertragseingänge!$E$4:$E$500,Steuerung!$B$22)),IF(COUNTIFS(Vertragseingänge!$A$4:$A$500,A24,Vertragseingänge!$E$4:$E$500,Steuerung!$B$22,Vertragseingänge!$C$4:$C$500,$E$4*1)=0,"",COUNTIFS(Vertragseingänge!$A$4:$A$500,A24,Vertragseingänge!$E$4:$E$500,Steuerung!$B$22,Vertragseingänge!$C$4:$C$500,$E$4*1)))),"") | J24: =IFERROR(IF(B24-SUM(C24:I24)=0,"",B24-SUM(C24:I24)),"") -> 1
A25: KW 21 | B25: =IF($E$4="Alle",COUNTIFS(Vertragseingänge!$A$4:$A$500,A25),COUNTIFS(Vertragseingänge!$A$4:$A$500,A25,Vertragseingänge!$C$4:$C$500,$E$4*1)) -> 1 | C25: =IFERROR(IF(Steuerung!$B$16="","",IF($E$4="Alle",IF(COUNTIFS(Vertragseingänge!$A$4:$A$500,A25,Vertragseingänge!$E$4:$E$500,Steuerung!$B$16)=0,"",COUNTIFS(Vertragseingänge!$A$4:$A$500,A25,Vertragseingänge!$E$4:$E$500,Steuerung!$B$16)),IF(COUNTIFS(Vertragseingänge!$A$4:$A$500,A25,Vertragseingänge!$E$4:$E$500,Steuerung!$B$16,Vertragseingänge!$C$4:$C$500,$E$4*1)=0,"",COUNTIFS(Vertragseingänge!$A$4:$A$500,A25,Vertragseingänge!$E$4:$E$500,Steuerung!$B$16,Vertragseingänge!$C$4:$C$500,$E$4*1)))),"") | D25: =IFERROR(IF(Steuerung!$B$17="","",IF($E$4="Alle",IF(COUNTIFS(Vertragseingänge!$A$4:$A$500,A25,Vertragseingänge!$E$4:$E$500,Steuerung!$B$17)=0,"",COUNTIFS(Vertragseingänge!$A$4:$A$500,A25,Vertragseingänge!$E$4:$E$500,Steuerung!$B$17)),IF(COUNTIFS(Vertragseingänge!$A$4:$A$500,A25,Vertragseingänge!$E$4:$E$500,Steuerung!$B$17,Vertragseingänge!$C$4:$C$500,$E$4*1)=0,"",COUNTIFS(Vertragseingänge!$A$4:$A$500,A25,Vertragseingänge!$E$4:$E$500,Steuerung!$B$17,Vertragseingänge!$C$4:$C$500,$E$4*1)))),"") | E25: =IFERROR(IF(Steuerung!$B$18="","",IF($E$4="Alle",IF(COUNTIFS(Vertragseingänge!$A$4:$A$500,A25,Vertragseingänge!$E$4:$E$500,Steuerung!$B$18)=0,"",COUNTIFS(Vertragseingänge!$A$4:$A$500,A25,Vertragseingänge!$E$4:$E$500,Steuerung!$B$18)),IF(COUNTIFS(Vertragseingänge!$A$4:$A$500,A25,Vertragseingänge!$E$4:$E$500,Steuerung!$B$18,Vertragseingänge!$C$4:$C$500,$E$4*1)=0,"",COUNTIFS(Vertragseingänge!$A$4:$A$500,A25,Vertragseingänge!$E$4:$E$500,Steuerung!$B$18,Vertragseingänge!$C$4:$C$500,$E$4*1)))),"") | F25: =IFERROR(IF(Steuerung!$B$19="","",IF($E$4="Alle",IF(COUNTIFS(Vertragseingänge!$A$4:$A$500,A25,Vertragseingänge!$E$4:$E$500,Steuerung!$B$19)=0,"",COUNTIFS(Vertragseingänge!$A$4:$A$500,A25,Vertragseingänge!$E$4:$E$500,Steuerung!$B$19)),IF(COUNTIFS(Vertragseingänge!$A$4:$A$500,A25,Vertragseingänge!$E$4:$E$500,Steuerung!$B$19,Vertragseingänge!$C$4:$C$500,$E$4*1)=0,"",COUNTIFS(Vertragseingänge!$A$4:$A$500,A25,Vertragseingänge!$E$4:$E$500,Steuerung!$B$19,Vertragseingänge!$C$4:$C$500,$E$4*1)))),"") | G25: =IFERROR(IF(Steuerung!$B$20="","",IF($E$4="Alle",IF(COUNTIFS(Vertragseingänge!$A$4:$A$500,A25,Vertragseingänge!$E$4:$E$500,Steuerung!$B$20)=0,"",COUNTIFS(Vertragseingänge!$A$4:$A$500,A25,Vertragseingänge!$E$4:$E$500,Steuerung!$B$20)),IF(COUNTIFS(Vertragseingänge!$A$4:$A$500,A25,Vertragseingänge!$E$4:$E$500,Steuerung!$B$20,Vertragseingänge!$C$4:$C$500,$E$4*1)=0,"",COUNTIFS(Vertragseingänge!$A$4:$A$500,A25,Vertragseingänge!$E$4:$E$500,Steuerung!$B$20,Vertragseingänge!$C$4:$C$500,$E$4*1)))),"") | H25: =IFERROR(IF(Steuerung!$B$21="","",IF($E$4="Alle",IF(COUNTIFS(Vertragseingänge!$A$4:$A$500,A25,Vertragseingänge!$E$4:$E$500,Steuerung!$B$21)=0,"",COUNTIFS(Vertragseingänge!$A$4:$A$500,A25,Vertragseingänge!$E$4:$E$500,Steuerung!$B$21)),IF(COUNTIFS(Vertragseingänge!$A$4:$A$500,A25,Vertragseingänge!$E$4:$E$500,Steuerung!$B$21,Vertragseingänge!$C$4:$C$500,$E$4*1)=0,"",COUNTIFS(Vertragseingänge!$A$4:$A$500,A25,Vertragseingänge!$E$4:$E$500,Steuerung!$B$21,Vertragseingänge!$C$4:$C$500,$E$4*1)))),"") | I25: =IFERROR(IF(Steuerung!$B$22="","",IF($E$4="Alle",IF(COUNTIFS(Vertragseingänge!$A$4:$A$500,A25,Vertragseingänge!$E$4:$E$500,Steuerung!$B$22)=0,"",COUNTIFS(Vertragseingänge!$A$4:$A$500,A25,Vertragseingänge!$E$4:$E$500,Steuerung!$B$22)),IF(COUNTIFS(Vertragseingänge!$A$4:$A$500,A25,Vertragseingänge!$E$4:$E$500,Steuerung!$B$22,Vertragseingänge!$C$4:$C$500,$E$4*1)=0,"",COUNTIFS(Vertragseingänge!$A$4:$A$500,A25,Vertragseingänge!$E$4:$E$500,Steuerung!$B$22,Vertragseingänge!$C$4:$C$500,$E$4*1)))),"") | J25: =IFERROR(IF(B25-SUM(C25:I25)=0,"",B25-SUM(C25:I25)),"") -> 1 | L25: MONATSDETAIL je Verkäufer
A26: KW 22 | B26: =IF($E$4="Alle",COUNTIFS(Vertragseingänge!$A$4:$A$500,A26),COUNTIFS(Vertragseingänge!$A$4:$A$500,A26,Vertragseingänge!$C$4:$C$500,$E$4*1)) -> 5 | C26: =IFERROR(IF(Steuerung!$B$16="","",IF($E$4="Alle",IF(COUNTIFS(Vertragseingänge!$A$4:$A$500,A26,Vertragseingänge!$E$4:$E$500,Steuerung!$B$16)=0,"",COUNTIFS(Vertragseingänge!$A$4:$A$500,A26,Vertragseingänge!$E$4:$E$500,Steuerung!$B$16)),IF(COUNTIFS(Vertragseingänge!$A$4:$A$500,A26,Vertragseingänge!$E$4:$E$500,Steuerung!$B$16,Vertragseingänge!$C$4:$C$500,$E$4*1)=0,"",COUNTIFS(Vertragseingänge!$A$4:$A$500,A26,Vertragseingänge!$E$4:$E$500,Steuerung!$B$16,Vertragseingänge!$C$4:$C$500,$E$4*1)))),"") -> 1 | D26: =IFERROR(IF(Steuerung!$B$17="","",IF($E$4="Alle",IF(COUNTIFS(Vertragseingänge!$A$4:$A$500,A26,Vertragseingänge!$E$4:$E$500,Steuerung!$B$17)=0,"",COUNTIFS(Vertragseingänge!$A$4:$A$500,A26,Vertragseingänge!$E$4:$E$500,Steuerung!$B$17)),IF(COUNTIFS(Vertragseingänge!$A$4:$A$500,A26,Vertragseingänge!$E$4:$E$500,Steuerung!$B$17,Vertragseingänge!$C$4:$C$500,$E$4*1)=0,"",COUNTIFS(Vertragseingänge!$A$4:$A$500,A26,Vertragseingänge!$E$4:$E$500,Steuerung!$B$17,Vertragseingänge!$C$4:$C$500,$E$4*1)))),"") -> 1 | E26: =IFERROR(IF(Steuerung!$B$18="","",IF($E$4="Alle",IF(COUNTIFS(Vertragseingänge!$A$4:$A$500,A26,Vertragseingänge!$E$4:$E$500,Steuerung!$B$18)=0,"",COUNTIFS(Vertragseingänge!$A$4:$A$500,A26,Vertragseingänge!$E$4:$E$500,Steuerung!$B$18)),IF(COUNTIFS(Vertragseingänge!$A$4:$A$500,A26,Vertragseingänge!$E$4:$E$500,Steuerung!$B$18,Vertragseingänge!$C$4:$C$500,$E$4*1)=0,"",COUNTIFS(Vertragseingänge!$A$4:$A$500,A26,Vertragseingänge!$E$4:$E$500,Steuerung!$B$18,Vertragseingänge!$C$4:$C$500,$E$4*1)))),"") | F26: =IFERROR(IF(Steuerung!$B$19="","",IF($E$4="Alle",IF(COUNTIFS(Vertragseingänge!$A$4:$A$500,A26,Vertragseingänge!$E$4:$E$500,Steuerung!$B$19)=0,"",COUNTIFS(Vertragseingänge!$A$4:$A$500,A26,Vertragseingänge!$E$4:$E$500,Steuerung!$B$19)),IF(COUNTIFS(Vertragseingänge!$A$4:$A$500,A26,Vertragseingänge!$E$4:$E$500,Steuerung!$B$19,Vertragseingänge!$C$4:$C$500,$E$4*1)=0,"",COUNTIFS(Vertragseingänge!$A$4:$A$500,A26,Vertragseingänge!$E$4:$E$500,Steuerung!$B$19,Vertragseingänge!$C$4:$C$500,$E$4*1)))),"") | G26: =IFERROR(IF(Steuerung!$B$20="","",IF($E$4="Alle",IF(COUNTIFS(Vertragseingänge!$A$4:$A$500,A26,Vertragseingänge!$E$4:$E$500,Steuerung!$B$20)=0,"",COUNTIFS(Vertragseingänge!$A$4:$A$500,A26,Vertragseingänge!$E$4:$E$500,Steuerung!$B$20)),IF(COUNTIFS(Vertragseingänge!$A$4:$A$500,A26,Vertragseingänge!$E$4:$E$500,Steuerung!$B$20,Vertragseingänge!$C$4:$C$500,$E$4*1)=0,"",COUNTIFS(Vertragseingänge!$A$4:$A$500,A26,Vertragseingänge!$E$4:$E$500,Steuerung!$B$20,Vertragseingänge!$C$4:$C$500,$E$4*1)))),"") | H26: =IFERROR(IF(Steuerung!$B$21="","",IF($E$4="Alle",IF(COUNTIFS(Vertragseingänge!$A$4:$A$500,A26,Vertragseingänge!$E$4:$E$500,Steuerung!$B$21)=0,"",COUNTIFS(Vertragseingänge!$A$4:$A$500,A26,Vertragseingänge!$E$4:$E$500,Steuerung!$B$21)),IF(COUNTIFS(Vertragseingänge!$A$4:$A$500,A26,Vertragseingänge!$E$4:$E$500,Steuerung!$B$21,Vertragseingänge!$C$4:$C$500,$E$4*1)=0,"",COUNTIFS(Vertragseingänge!$A$4:$A$500,A26,Vertragseingänge!$E$4:$E$500,Steuerung!$B$21,Vertragseingänge!$C$4:$C$500,$E$4*1)))),"") | I26: =IFERROR(IF(Steuerung!$B$22="","",IF($E$4="Alle",IF(COUNTIFS(Vertragseingänge!$A$4:$A$500,A26,Vertragseingänge!$E$4:$E$500,Steuerung!$B$22)=0,"",COUNTIFS(Vertragseingänge!$A$4:$A$500,A26,Vertragseingänge!$E$4:$E$500,Steuerung!$B$22)),IF(COUNTIFS(Vertragseingänge!$A$4:$A$500,A26,Vertragseingänge!$E$4:$E$500,Steuerung!$B$22,Vertragseingänge!$C$4:$C$500,$E$4*1)=0,"",COUNTIFS(Vertragseingänge!$A$4:$A$500,A26,Vertragseingänge!$E$4:$E$500,Steuerung!$B$22,Vertragseingänge!$C$4:$C$500,$E$4*1)))),"") | J26: =IFERROR(IF(B26-SUM(C26:I26)=0,"",B26-SUM(C26:I26)),"") -> 3 | L26: =IF(Steuerung!B6=""," (leerer Slot)"," "&Steuerung!C6) -> Fatima
A27: KW 23 | B27: =IF($E$4="Alle",COUNTIFS(Vertragseingänge!$A$4:$A$500,A27),COUNTIFS(Vertragseingänge!$A$4:$A$500,A27,Vertragseingänge!$C$4:$C$500,$E$4*1)) -> 5 | C27: =IFERROR(IF(Steuerung!$B$16="","",IF($E$4="Alle",IF(COUNTIFS(Vertragseingänge!$A$4:$A$500,A27,Vertragseingänge!$E$4:$E$500,Steuerung!$B$16)=0,"",COUNTIFS(Vertragseingänge!$A$4:$A$500,A27,Vertragseingänge!$E$4:$E$500,Steuerung!$B$16)),IF(COUNTIFS(Vertragseingänge!$A$4:$A$500,A27,Vertragseingänge!$E$4:$E$500,Steuerung!$B$16,Vertragseingänge!$C$4:$C$500,$E$4*1)=0,"",COUNTIFS(Vertragseingänge!$A$4:$A$500,A27,Vertragseingänge!$E$4:$E$500,Steuerung!$B$16,Vertragseingänge!$C$4:$C$500,$E$4*1)))),"") -> 3 | D27: =IFERROR(IF(Steuerung!$B$17="","",IF($E$4="Alle",IF(COUNTIFS(Vertragseingänge!$A$4:$A$500,A27,Vertragseingänge!$E$4:$E$500,Steuerung!$B$17)=0,"",COUNTIFS(Vertragseingänge!$A$4:$A$500,A27,Vertragseingänge!$E$4:$E$500,Steuerung!$B$17)),IF(COUNTIFS(Vertragseingänge!$A$4:$A$500,A27,Vertragseingänge!$E$4:$E$500,Steuerung!$B$17,Vertragseingänge!$C$4:$C$500,$E$4*1)=0,"",COUNTIFS(Vertragseingänge!$A$4:$A$500,A27,Vertragseingänge!$E$4:$E$500,Steuerung!$B$17,Vertragseingänge!$C$4:$C$500,$E$4*1)))),"") -> 2 | E27: =IFERROR(IF(Steuerung!$B$18="","",IF($E$4="Alle",IF(COUNTIFS(Vertragseingänge!$A$4:$A$500,A27,Vertragseingänge!$E$4:$E$500,Steuerung!$B$18)=0,"",COUNTIFS(Vertragseingänge!$A$4:$A$500,A27,Vertragseingänge!$E$4:$E$500,Steuerung!$B$18)),IF(COUNTIFS(Vertragseingänge!$A$4:$A$500,A27,Vertragseingänge!$E$4:$E$500,Steuerung!$B$18,Vertragseingänge!$C$4:$C$500,$E$4*1)=0,"",COUNTIFS(Vertragseingänge!$A$4:$A$500,A27,Vertragseingänge!$E$4:$E$500,Steuerung!$B$18,Vertragseingänge!$C$4:$C$500,$E$4*1)))),"") | F27: =IFERROR(IF(Steuerung!$B$19="","",IF($E$4="Alle",IF(COUNTIFS(Vertragseingänge!$A$4:$A$500,A27,Vertragseingänge!$E$4:$E$500,Steuerung!$B$19)=0,"",COUNTIFS(Vertragseingänge!$A$4:$A$500,A27,Vertragseingänge!$E$4:$E$500,Steuerung!$B$19)),IF(COUNTIFS(Vertragseingänge!$A$4:$A$500,A27,Vertragseingänge!$E$4:$E$500,Steuerung!$B$19,Vertragseingänge!$C$4:$C$500,$E$4*1)=0,"",COUNTIFS(Vertragseingänge!$A$4:$A$500,A27,Vertragseingänge!$E$4:$E$500,Steuerung!$B$19,Vertragseingänge!$C$4:$C$500,$E$4*1)))),"") | G27: =IFERROR(IF(Steuerung!$B$20="","",IF($E$4="Alle",IF(COUNTIFS(Vertragseingänge!$A$4:$A$500,A27,Vertragseingänge!$E$4:$E$500,Steuerung!$B$20)=0,"",COUNTIFS(Vertragseingänge!$A$4:$A$500,A27,Vertragseingänge!$E$4:$E$500,Steuerung!$B$20)),IF(COUNTIFS(Vertragseingänge!$A$4:$A$500,A27,Vertragseingänge!$E$4:$E$500,Steuerung!$B$20,Vertragseingänge!$C$4:$C$500,$E$4*1)=0,"",COUNTIFS(Vertragseingänge!$A$4:$A$500,A27,Vertragseingänge!$E$4:$E$500,Steuerung!$B$20,Vertragseingänge!$C$4:$C$500,$E$4*1)))),"") | H27: =IFERROR(IF(Steuerung!$B$21="","",IF($E$4="Alle",IF(COUNTIFS(Vertragseingänge!$A$4:$A$500,A27,Vertragseingänge!$E$4:$E$500,Steuerung!$B$21)=0,"",COUNTIFS(Vertragseingänge!$A$4:$A$500,A27,Vertragseingänge!$E$4:$E$500,Steuerung!$B$21)),IF(COUNTIFS(Vertragseingänge!$A$4:$A$500,A27,Vertragseingänge!$E$4:$E$500,Steuerung!$B$21,Vertragseingänge!$C$4:$C$500,$E$4*1)=0,"",COUNTIFS(Vertragseingänge!$A$4:$A$500,A27,Vertragseingänge!$E$4:$E$500,Steuerung!$B$21,Vertragseingänge!$C$4:$C$500,$E$4*1)))),"") | I27: =IFERROR(IF(Steuerung!$B$22="","",IF($E$4="Alle",IF(COUNTIFS(Vertragseingänge!$A$4:$A$500,A27,Vertragseingänge!$E$4:$E$500,Steuerung!$B$22)=0,"",COUNTIFS(Vertragseingänge!$A$4:$A$500,A27,Vertragseingänge!$E$4:$E$500,Steuerung!$B$22)),IF(COUNTIFS(Vertragseingänge!$A$4:$A$500,A27,Vertragseingänge!$E$4:$E$500,Steuerung!$B$22,Vertragseingänge!$C$4:$C$500,$E$4*1)=0,"",COUNTIFS(Vertragseingänge!$A$4:$A$500,A27,Vertragseingänge!$E$4:$E$500,Steuerung!$B$22,Vertragseingänge!$C$4:$C$500,$E$4*1)))),"") | J27: =IFERROR(IF(B27-SUM(C27:I27)=0,"",B27-SUM(C27:I27)),"") | L27: Okt 25 | M27: =IF(OR(Steuerung!$B$6="",NOT(OR($E$4="Alle",$E$4="2025"))),"",SUMIFS('Leads Rohdaten'!$D$4:$D$503,'Leads Rohdaten'!$C$4:$C$503,Steuerung!$B$6,'Leads Rohdaten'!$A$4:$A$503,2025,'Leads Rohdaten'!$B$4:$B$503,"Oktober")) | N27: =IF(OR(Steuerung!$B$6="",NOT(OR($E$4="Alle",$E$4="2025"))),"",SUMIFS('Leads Rohdaten'!$E$4:$E$503,'Leads Rohdaten'!$C$4:$C$503,Steuerung!$B$6,'Leads Rohdaten'!$A$4:$A$503,2025,'Leads Rohdaten'!$B$4:$B$503,"Oktober")) | O27: =IF(OR(M27="",M27=0),"–",N27/M27) -> – | P27: =IF(Steuerung!$B$6="","",IF(EOMONTH(DATE(2025,MATCH("Oktober",{"Januar","Februar","März","April","Mai","Juni","Juli","August","September","Oktober","November","Dezember"},0),1),0)<=TODAY()-Steuerung!$C$27,"R","F")) -> R
A28: KW 24 | B28: =IF($E$4="Alle",COUNTIFS(Vertragseingänge!$A$4:$A$500,A28),COUNTIFS(Vertragseingänge!$A$4:$A$500,A28,Vertragseingänge!$C$4:$C$500,$E$4*1)) -> 0 | C28: =IFERROR(IF(Steuerung!$B$16="","",IF($E$4="Alle",IF(COUNTIFS(Vertragseingänge!$A$4:$A$500,A28,Vertragseingänge!$E$4:$E$500,Steuerung!$B$16)=0,"",COUNTIFS(Vertragseingänge!$A$4:$A$500,A28,Vertragseingänge!$E$4:$E$500,Steuerung!$B$16)),IF(COUNTIFS(Vertragseingänge!$A$4:$A$500,A28,Vertragseingänge!$E$4:$E$500,Steuerung!$B$16,Vertragseingänge!$C$4:$C$500,$E$4*1)=0,"",COUNTIFS(Vertragseingänge!$A$4:$A$500,A28,Vertragseingänge!$E$4:$E$500,Steuerung!$B$16,Vertragseingänge!$C$4:$C$500,$E$4*1)))),"") | D28: =IFERROR(IF(Steuerung!$B$17="","",IF($E$4="Alle",IF(COUNTIFS(Vertragseingänge!$A$4:$A$500,A28,Vertragseingänge!$E$4:$E$500,Steuerung!$B$17)=0,"",COUNTIFS(Vertragseingänge!$A$4:$A$500,A28,Vertragseingänge!$E$4:$E$500,Steuerung!$B$17)),IF(COUNTIFS(Vertragseingänge!$A$4:$A$500,A28,Vertragseingänge!$E$4:$E$500,Steuerung!$B$17,Vertragseingänge!$C$4:$C$500,$E$4*1)=0,"",COUNTIFS(Vertragseingänge!$A$4:$A$500,A28,Vertragseingänge!$E$4:$E$500,Steuerung!$B$17,Vertragseingänge!$C$4:$C$500,$E$4*1)))),"") | E28: =IFERROR(IF(Steuerung!$B$18="","",IF($E$4="Alle",IF(COUNTIFS(Vertragseingänge!$A$4:$A$500,A28,Vertragseingänge!$E$4:$E$500,Steuerung!$B$18)=0,"",COUNTIFS(Vertragseingänge!$A$4:$A$500,A28,Vertragseingänge!$E$4:$E$500,Steuerung!$B$18)),IF(COUNTIFS(Vertragseingänge!$A$4:$A$500,A28,Vertragseingänge!$E$4:$E$500,Steuerung!$B$18,Vertragseingänge!$C$4:$C$500,$E$4*1)=0,"",COUNTIFS(Vertragseingänge!$A$4:$A$500,A28,Vertragseingänge!$E$4:$E$500,Steuerung!$B$18,Vertragseingänge!$C$4:$C$500,$E$4*1)))),"") | F28: =IFERROR(IF(Steuerung!$B$19="","",IF($E$4="Alle",IF(COUNTIFS(Vertragseingänge!$A$4:$A$500,A28,Vertragseingänge!$E$4:$E$500,Steuerung!$B$19)=0,"",COUNTIFS(Vertragseingänge!$A$4:$A$500,A28,Vertragseingänge!$E$4:$E$500,Steuerung!$B$19)),IF(COUNTIFS(Vertragseingänge!$A$4:$A$500,A28,Vertragseingänge!$E$4:$E$500,Steuerung!$B$19,Vertragseingänge!$C$4:$C$500,$E$4*1)=0,"",COUNTIFS(Vertragseingänge!$A$4:$A$500,A28,Vertragseingänge!$E$4:$E$500,Steuerung!$B$19,Vertragseingänge!$C$4:$C$500,$E$4*1)))),"") | G28: =IFERROR(IF(Steuerung!$B$20="","",IF($E$4="Alle",IF(COUNTIFS(Vertragseingänge!$A$4:$A$500,A28,Vertragseingänge!$E$4:$E$500,Steuerung!$B$20)=0,"",COUNTIFS(Vertragseingänge!$A$4:$A$500,A28,Vertragseingänge!$E$4:$E$500,Steuerung!$B$20)),IF(COUNTIFS(Vertragseingänge!$A$4:$A$500,A28,Vertragseingänge!$E$4:$E$500,Steuerung!$B$20,Vertragseingänge!$C$4:$C$500,$E$4*1)=0,"",COUNTIFS(Vertragseingänge!$A$4:$A$500,A28,Vertragseingänge!$E$4:$E$500,Steuerung!$B$20,Vertragseingänge!$C$4:$C$500,$E$4*1)))),"") | H28: =IFERROR(IF(Steuerung!$B$21="","",IF($E$4="Alle",IF(COUNTIFS(Vertragseingänge!$A$4:$A$500,A28,Vertragseingänge!$E$4:$E$500,Steuerung!$B$21)=0,"",COUNTIFS(Vertragseingänge!$A$4:$A$500,A28,Vertragseingänge!$E$4:$E$500,Steuerung!$B$21)),IF(COUNTIFS(Vertragseingänge!$A$4:$A$500,A28,Vertragseingänge!$E$4:$E$500,Steuerung!$B$21,Vertragseingänge!$C$4:$C$500,$E$4*1)=0,"",COUNTIFS(Vertragseingänge!$A$4:$A$500,A28,Vertragseingänge!$E$4:$E$500,Steuerung!$B$21,Vertragseingänge!$C$4:$C$500,$E$4*1)))),"") | I28: =IFERROR(IF(Steuerung!$B$22="","",IF($E$4="Alle",IF(COUNTIFS(Vertragseingänge!$A$4:$A$500,A28,Vertragseingänge!$E$4:$E$500,Steuerung!$B$22)=0,"",COUNTIFS(Vertragseingänge!$A$4:$A$500,A28,Vertragseingänge!$E$4:$E$500,Steuerung!$B$22)),IF(COUNTIFS(Vertragseingänge!$A$4:$A$500,A28,Vertragseingänge!$E$4:$E$500,Steuerung!$B$22,Vertragseingänge!$C$4:$C$500,$E$4*1)=0,"",COUNTIFS(Vertragseingänge!$A$4:$A$500,A28,Vertragseingänge!$E$4:$E$500,Steuerung!$B$22,Vertragseingänge!$C$4:$C$500,$E$4*1)))),"") | J28: =IFERROR(IF(B28-SUM(C28:I28)=0,"",B28-SUM(C28:I28)),"") | L28: Nov 25 | M28: =IF(OR(Steuerung!$B$6="",NOT(OR($E$4="Alle",$E$4="2025"))),"",SUMIFS('Leads Rohdaten'!$D$4:$D$503,'Leads Rohdaten'!$C$4:$C$503,Steuerung!$B$6,'Leads Rohdaten'!$A$4:$A$503,2025,'Leads Rohdaten'!$B$4:$B$503,"November")) | N28: =IF(OR(Steuerung!$B$6="",NOT(OR($E$4="Alle",$E$4="2025"))),"",SUMIFS('Leads Rohdaten'!$E$4:$E$503,'Leads Rohdaten'!$C$4:$C$503,Steuerung!$B$6,'Leads Rohdaten'!$A$4:$A$503,2025,'Leads Rohdaten'!$B$4:$B$503,"November")) | O28: =IF(OR(M28="",M28=0),"–",N28/M28) -> – | P28: =IF(Steuerung!$B$6="","",IF(EOMONTH(DATE(2025,MATCH("November",{"Januar","Februar","März","April","Mai","Juni","Juli","August","September","Oktober","November","Dezember"},0),1),0)<=TODAY()-Steuerung!$C$27,"R","F")) -> R
A29: KW 25 | B29: =IF($E$4="Alle",COUNTIFS(Vertragseingänge!$A$4:$A$500,A29),COUNTIFS(Vertragseingänge!$A$4:$A$500,A29,Vertragseingänge!$C$4:$C$500,$E$4*1)) -> 0 | C29: =IFERROR(IF(Steuerung!$B$16="","",IF($E$4="Alle",IF(COUNTIFS(Vertragseingänge!$A$4:$A$500,A29,Vertragseingänge!$E$4:$E$500,Steuerung!$B$16)=0,"",COUNTIFS(Vertragseingänge!$A$4:$A$500,A29,Vertragseingänge!$E$4:$E$500,Steuerung!$B$16)),IF(COUNTIFS(Vertragseingänge!$A$4:$A$500,A29,Vertragseingänge!$E$4:$E$500,Steuerung!$B$16,Vertragseingänge!$C$4:$C$500,$E$4*1)=0,"",COUNTIFS(Vertragseingänge!$A$4:$A$500,A29,Vertragseingänge!$E$4:$E$500,Steuerung!$B$16,Vertragseingänge!$C$4:$C$500,$E$4*1)))),"") | D29: =IFERROR(IF(Steuerung!$B$17="","",IF($E$4="Alle",IF(COUNTIFS(Vertragseingänge!$A$4:$A$500,A29,Vertragseingänge!$E$4:$E$500,Steuerung!$B$17)=0,"",COUNTIFS(Vertragseingänge!$A$4:$A$500,A29,Vertragseingänge!$E$4:$E$500,Steuerung!$B$17)),IF(COUNTIFS(Vertragseingänge!$A$4:$A$500,A29,Vertragseingänge!$E$4:$E$500,Steuerung!$B$17,Vertragseingänge!$C$4:$C$500,$E$4*1)=0,"",COUNTIFS(Vertragseingänge!$A$4:$A$500,A29,Vertragseingänge!$E$4:$E$500,Steuerung!$B$17,Vertragseingänge!$C$4:$C$500,$E$4*1)))),"") | E29: =IFERROR(IF(Steuerung!$B$18="","",IF($E$4="Alle",IF(COUNTIFS(Vertragseingänge!$A$4:$A$500,A29,Vertragseingänge!$E$4:$E$500,Steuerung!$B$18)=0,"",COUNTIFS(Vertragseingänge!$A$4:$A$500,A29,Vertragseingänge!$E$4:$E$500,Steuerung!$B$18)),IF(COUNTIFS(Vertragseingänge!$A$4:$A$500,A29,Vertragseingänge!$E$4:$E$500,Steuerung!$B$18,Vertragseingänge!$C$4:$C$500,$E$4*1)=0,"",COUNTIFS(Vertragseingänge!$A$4:$A$500,A29,Vertragseingänge!$E$4:$E$500,Steuerung!$B$18,Vertragseingänge!$C$4:$C$500,$E$4*1)))),"") | F29: =IFERROR(IF(Steuerung!$B$19="","",IF($E$4="Alle",IF(COUNTIFS(Vertragseingänge!$A$4:$A$500,A29,Vertragseingänge!$E$4:$E$500,Steuerung!$B$19)=0,"",COUNTIFS(Vertragseingänge!$A$4:$A$500,A29,Vertragseingänge!$E$4:$E$500,Steuerung!$B$19)),IF(COUNTIFS(Vertragseingänge!$A$4:$A$500,A29,Vertragseingänge!$E$4:$E$500,Steuerung!$B$19,Vertragseingänge!$C$4:$C$500,$E$4*1)=0,"",COUNTIFS(Vertragseingänge!$A$4:$A$500,A29,Vertragseingänge!$E$4:$E$500,Steuerung!$B$19,Vertragseingänge!$C$4:$C$500,$E$4*1)))),"") | G29: =IFERROR(IF(Steuerung!$B$20="","",IF($E$4="Alle",IF(COUNTIFS(Vertragseingänge!$A$4:$A$500,A29,Vertragseingänge!$E$4:$E$500,Steuerung!$B$20)=0,"",COUNTIFS(Vertragseingänge!$A$4:$A$500,A29,Vertragseingänge!$E$4:$E$500,Steuerung!$B$20)),IF(COUNTIFS(Vertragseingänge!$A$4:$A$500,A29,Vertragseingänge!$E$4:$E$500,Steuerung!$B$20,Vertragseingänge!$C$4:$C$500,$E$4*1)=0,"",COUNTIFS(Vertragseingänge!$A$4:$A$500,A29,Vertragseingänge!$E$4:$E$500,Steuerung!$B$20,Vertragseingänge!$C$4:$C$500,$E$4*1)))),"") | H29: =IFERROR(IF(Steuerung!$B$21="","",IF($E$4="Alle",IF(COUNTIFS(Vertragseingänge!$A$4:$A$500,A29,Vertragseingänge!$E$4:$E$500,Steuerung!$B$21)=0,"",COUNTIFS(Vertragseingänge!$A$4:$A$500,A29,Vertragseingänge!$E$4:$E$500,Steuerung!$B$21)),IF(COUNTIFS(Vertragseingänge!$A$4:$A$500,A29,Vertragseingänge!$E$4:$E$500,Steuerung!$B$21,Vertragseingänge!$C$4:$C$500,$E$4*1)=0,"",COUNTIFS(Vertragseingänge!$A$4:$A$500,A29,Vertragseingänge!$E$4:$E$500,Steuerung!$B$21,Vertragseingänge!$C$4:$C$500,$E$4*1)))),"") | I29: =IFERROR(IF(Steuerung!$B$22="","",IF($E$4="Alle",IF(COUNTIFS(Vertragseingänge!$A$4:$A$500,A29,Vertragseingänge!$E$4:$E$500,Steuerung!$B$22)=0,"",COUNTIFS(Vertragseingänge!$A$4:$A$500,A29,Vertragseingänge!$E$4:$E$500,Steuerung!$B$22)),IF(COUNTIFS(Vertragseingänge!$A$4:$A$500,A29,Vertragseingänge!$E$4:$E$500,Steuerung!$B$22,Vertragseingänge!$C$4:$C$500,$E$4*1)=0,"",COUNTIFS(Vertragseingänge!$A$4:$A$500,A29,Vertragseingänge!$E$4:$E$500,Steuerung!$B$22,Vertragseingänge!$C$4:$C$500,$E$4*1)))),"") | J29: =IFERROR(IF(B29-SUM(C29:I29)=0,"",B29-SUM(C29:I29)),"") | L29: Dez 25 | M29: =IF(OR(Steuerung!$B$6="",NOT(OR($E$4="Alle",$E$4="2025"))),"",SUMIFS('Leads Rohdaten'!$D$4:$D$503,'Leads Rohdaten'!$C$4:$C$503,Steuerung!$B$6,'Leads Rohdaten'!$A$4:$A$503,2025,'Leads Rohdaten'!$B$4:$B$503,"Dezember")) | N29: =IF(OR(Steuerung!$B$6="",NOT(OR($E$4="Alle",$E$4="2025"))),"",SUMIFS('Leads Rohdaten'!$E$4:$E$503,'Leads Rohdaten'!$C$4:$C$503,Steuerung!$B$6,'Leads Rohdaten'!$A$4:$A$503,2025,'Leads Rohdaten'!$B$4:$B$503,"Dezember")) | O29: =IF(OR(M29="",M29=0),"–",N29/M29) -> – | P29: =IF(Steuerung!$B$6="","",IF(EOMONTH(DATE(2025,MATCH("Dezember",{"Januar","Februar","März","April","Mai","Juni","Juli","August","September","Oktober","November","Dezember"},0),1),0)<=TODAY()-Steuerung!$C$27,"R","F")) -> R
A30: KW 26 | B30: =IF($E$4="Alle",COUNTIFS(Vertragseingänge!$A$4:$A$500,A30),COUNTIFS(Vertragseingänge!$A$4:$A$500,A30,Vertragseingänge!$C$4:$C$500,$E$4*1)) -> 19 | C30: =IFERROR(IF(Steuerung!$B$16="","",IF($E$4="Alle",IF(COUNTIFS(Vertragseingänge!$A$4:$A$500,A30,Vertragseingänge!$E$4:$E$500,Steuerung!$B$16)=0,"",COUNTIFS(Vertragseingänge!$A$4:$A$500,A30,Vertragseingänge!$E$4:$E$500,Steuerung!$B$16)),IF(COUNTIFS(Vertragseingänge!$A$4:$A$500,A30,Vertragseingänge!$E$4:$E$500,Steuerung!$B$16,Vertragseingänge!$C$4:$C$500,$E$4*1)=0,"",COUNTIFS(Vertragseingänge!$A$4:$A$500,A30,Vertragseingänge!$E$4:$E$500,Steuerung!$B$16,Vertragseingänge!$C$4:$C$500,$E$4*1)))),"") -> 7 | D30: =IFERROR(IF(Steuerung!$B$17="","",IF($E$4="Alle",IF(COUNTIFS(Vertragseingänge!$A$4:$A$500,A30,Vertragseingänge!$E$4:$E$500,Steuerung!$B$17)=0,"",COUNTIFS(Vertragseingänge!$A$4:$A$500,A30,Vertragseingänge!$E$4:$E$500,Steuerung!$B$17)),IF(COUNTIFS(Vertragseingänge!$A$4:$A$500,A30,Vertragseingänge!$E$4:$E$500,Steuerung!$B$17,Vertragseingänge!$C$4:$C$500,$E$4*1)=0,"",COUNTIFS(Vertragseingänge!$A$4:$A$500,A30,Vertragseingänge!$E$4:$E$500,Steuerung!$B$17,Vertragseingänge!$C$4:$C$500,$E$4*1)))),"") -> 4 | E30: =IFERROR(IF(Steuerung!$B$18="","",IF($E$4="Alle",IF(COUNTIFS(Vertragseingänge!$A$4:$A$500,A30,Vertragseingänge!$E$4:$E$500,Steuerung!$B$18)=0,"",COUNTIFS(Vertragseingänge!$A$4:$A$500,A30,Vertragseingänge!$E$4:$E$500,Steuerung!$B$18)),IF(COUNTIFS(Vertragseingänge!$A$4:$A$500,A30,Vertragseingänge!$E$4:$E$500,Steuerung!$B$18,Vertragseingänge!$C$4:$C$500,$E$4*1)=0,"",COUNTIFS(Vertragseingänge!$A$4:$A$500,A30,Vertragseingänge!$E$4:$E$500,Steuerung!$B$18,Vertragseingänge!$C$4:$C$500,$E$4*1)))),"") | F30: =IFERROR(IF(Steuerung!$B$19="","",IF($E$4="Alle",IF(COUNTIFS(Vertragseingänge!$A$4:$A$500,A30,Vertragseingänge!$E$4:$E$500,Steuerung!$B$19)=0,"",COUNTIFS(Vertragseingänge!$A$4:$A$500,A30,Vertragseingänge!$E$4:$E$500,Steuerung!$B$19)),IF(COUNTIFS(Vertragseingänge!$A$4:$A$500,A30,Vertragseingänge!$E$4:$E$500,Steuerung!$B$19,Vertragseingänge!$C$4:$C$500,$E$4*1)=0,"",COUNTIFS(Vertragseingänge!$A$4:$A$500,A30,Vertragseingänge!$E$4:$E$500,Steuerung!$B$19,Vertragseingänge!$C$4:$C$500,$E$4*1)))),"") -> 6 | G30: =IFERROR(IF(Steuerung!$B$20="","",IF($E$4="Alle",IF(COUNTIFS(Vertragseingänge!$A$4:$A$500,A30,Vertragseingänge!$E$4:$E$500,Steuerung!$B$20)=0,"",COUNTIFS(Vertragseingänge!$A$4:$A$500,A30,Vertragseingänge!$E$4:$E$500,Steuerung!$B$20)),IF(COUNTIFS(Vertragseingänge!$A$4:$A$500,A30,Vertragseingänge!$E$4:$E$500,Steuerung!$B$20,Vertragseingänge!$C$4:$C$500,$E$4*1)=0,"",COUNTIFS(Vertragseingänge!$A$4:$A$500,A30,Vertragseingänge!$E$4:$E$500,Steuerung!$B$20,Vertragseingänge!$C$4:$C$500,$E$4*1)))),"") | H30: =IFERROR(IF(Steuerung!$B$21="","",IF($E$4="Alle",IF(COUNTIFS(Vertragseingänge!$A$4:$A$500,A30,Vertragseingänge!$E$4:$E$500,Steuerung!$B$21)=0,"",COUNTIFS(Vertragseingänge!$A$4:$A$500,A30,Vertragseingänge!$E$4:$E$500,Steuerung!$B$21)),IF(COUNTIFS(Vertragseingänge!$A$4:$A$500,A30,Vertragseingänge!$E$4:$E$500,Steuerung!$B$21,Vertragseingänge!$C$4:$C$500,$E$4*1)=0,"",COUNTIFS(Vertragseingänge!$A$4:$A$500,A30,Vertragseingänge!$E$4:$E$500,Steuerung!$B$21,Vertragseingänge!$C$4:$C$500,$E$4*1)))),"") | I30: =IFERROR(IF(Steuerung!$B$22="","",IF($E$4="Alle",IF(COUNTIFS(Vertragseingänge!$A$4:$A$500,A30,Vertragseingänge!$E$4:$E$500,Steuerung!$B$22)=0,"",COUNTIFS(Vertragseingänge!$A$4:$A$500,A30,Vertragseingänge!$E$4:$E$500,Steuerung!$B$22)),IF(COUNTIFS(Vertragseingänge!$A$4:$A$500,A30,Vertragseingänge!$E$4:$E$500,Steuerung!$B$22,Vertragseingänge!$C$4:$C$500,$E$4*1)=0,"",COUNTIFS(Vertragseingänge!$A$4:$A$500,A30,Vertragseingänge!$E$4:$E$500,Steuerung!$B$22,Vertragseingänge!$C$4:$C$500,$E$4*1)))),"") | J30: =IFERROR(IF(B30-SUM(C30:I30)=0,"",B30-SUM(C30:I30)),"") -> 2 | L30: Jan 26 | M30: =IF(OR(Steuerung!$B$6="",NOT(OR($E$4="Alle",$E$4="2026"))),"",SUMIFS('Leads Rohdaten'!$D$4:$D$503,'Leads Rohdaten'!$C$4:$C$503,Steuerung!$B$6,'Leads Rohdaten'!$A$4:$A$503,2026,'Leads Rohdaten'!$B$4:$B$503,"Januar")) | N30: =IF(OR(Steuerung!$B$6="",NOT(OR($E$4="Alle",$E$4="2026"))),"",SUMIFS('Leads Rohdaten'!$E$4:$E$503,'Leads Rohdaten'!$C$4:$C$503,Steuerung!$B$6,'Leads Rohdaten'!$A$4:$A$503,2026,'Leads Rohdaten'!$B$4:$B$503,"Januar")) | O30: =IF(OR(M30="",M30=0),"–",N30/M30) -> – | P30: =IF(Steuerung!$B$6="","",IF(EOMONTH(DATE(2026,MATCH("Januar",{"Januar","Februar","März","April","Mai","Juni","Juli","August","September","Oktober","November","Dezember"},0),1),0)<=TODAY()-Steuerung!$C$27,"R","F")) -> R
A31: KW 27 | B31: =IF($E$4="Alle",COUNTIFS(Vertragseingänge!$A$4:$A$500,A31),COUNTIFS(Vertragseingänge!$A$4:$A$500,A31,Vertragseingänge!$C$4:$C$500,$E$4*1)) -> 19 | C31: =IFERROR(IF(Steuerung!$B$16="","",IF($E$4="Alle",IF(COUNTIFS(Vertragseingänge!$A$4:$A$500,A31,Vertragseingänge!$E$4:$E$500,Steuerung!$B$16)=0,"",COUNTIFS(Vertragseingänge!$A$4:$A$500,A31,Vertragseingänge!$E$4:$E$500,Steuerung!$B$16)),IF(COUNTIFS(Vertragseingänge!$A$4:$A$500,A31,Vertragseingänge!$E$4:$E$500,Steuerung!$B$16,Vertragseingänge!$C$4:$C$500,$E$4*1)=0,"",COUNTIFS(Vertragseingänge!$A$4:$A$500,A31,Vertragseingänge!$E$4:$E$500,Steuerung!$B$16,Vertragseingänge!$C$4:$C$500,$E$4*1)))),"") -> 12 | D31: =IFERROR(IF(Steuerung!$B$17="","",IF($E$4="Alle",IF(COUNTIFS(Vertragseingänge!$A$4:$A$500,A31,Vertragseingänge!$E$4:$E$500,Steuerung!$B$17)=0,"",COUNTIFS(Vertragseingänge!$A$4:$A$500,A31,Vertragseingänge!$E$4:$E$500,Steuerung!$B$17)),IF(COUNTIFS(Vertragseingänge!$A$4:$A$500,A31,Vertragseingänge!$E$4:$E$500,Steuerung!$B$17,Vertragseingänge!$C$4:$C$500,$E$4*1)=0,"",COUNTIFS(Vertragseingänge!$A$4:$A$500,A31,Vertragseingänge!$E$4:$E$500,Steuerung!$B$17,Vertragseingänge!$C$4:$C$500,$E$4*1)))),"") -> 4 | E31: =IFERROR(IF(Steuerung!$B$18="","",IF($E$4="Alle",IF(COUNTIFS(Vertragseingänge!$A$4:$A$500,A31,Vertragseingänge!$E$4:$E$500,Steuerung!$B$18)=0,"",COUNTIFS(Vertragseingänge!$A$4:$A$500,A31,Vertragseingänge!$E$4:$E$500,Steuerung!$B$18)),IF(COUNTIFS(Vertragseingänge!$A$4:$A$500,A31,Vertragseingänge!$E$4:$E$500,Steuerung!$B$18,Vertragseingänge!$C$4:$C$500,$E$4*1)=0,"",COUNTIFS(Vertragseingänge!$A$4:$A$500,A31,Vertragseingänge!$E$4:$E$500,Steuerung!$B$18,Vertragseingänge!$C$4:$C$500,$E$4*1)))),"") | F31: =IFERROR(IF(Steuerung!$B$19="","",IF($E$4="Alle",IF(COUNTIFS(Vertragseingänge!$A$4:$A$500,A31,Vertragseingänge!$E$4:$E$500,Steuerung!$B$19)=0,"",COUNTIFS(Vertragseingänge!$A$4:$A$500,A31,Vertragseingänge!$E$4:$E$500,Steuerung!$B$19)),IF(COUNTIFS(Vertragseingänge!$A$4:$A$500,A31,Vertragseingänge!$E$4:$E$500,Steuerung!$B$19,Vertragseingänge!$C$4:$C$500,$E$4*1)=0,"",COUNTIFS(Vertragseingänge!$A$4:$A$500,A31,Vertragseingänge!$E$4:$E$500,Steuerung!$B$19,Vertragseingänge!$C$4:$C$500,$E$4*1)))),"") -> 2 | G31: =IFERROR(IF(Steuerung!$B$20="","",IF($E$4="Alle",IF(COUNTIFS(Vertragseingänge!$A$4:$A$500,A31,Vertragseingänge!$E$4:$E$500,Steuerung!$B$20)=0,"",COUNTIFS(Vertragseingänge!$A$4:$A$500,A31,Vertragseingänge!$E$4:$E$500,Steuerung!$B$20)),IF(COUNTIFS(Vertragseingänge!$A$4:$A$500,A31,Vertragseingänge!$E$4:$E$500,Steuerung!$B$20,Vertragseingänge!$C$4:$C$500,$E$4*1)=0,"",COUNTIFS(Vertragseingänge!$A$4:$A$500,A31,Vertragseingänge!$E$4:$E$500,Steuerung!$B$20,Vertragseingänge!$C$4:$C$500,$E$4*1)))),"") | H31: =IFERROR(IF(Steuerung!$B$21="","",IF($E$4="Alle",IF(COUNTIFS(Vertragseingänge!$A$4:$A$500,A31,Vertragseingänge!$E$4:$E$500,Steuerung!$B$21)=0,"",COUNTIFS(Vertragseingänge!$A$4:$A$500,A31,Vertragseingänge!$E$4:$E$500,Steuerung!$B$21)),IF(COUNTIFS(Vertragseingänge!$A$4:$A$500,A31,Vertragseingänge!$E$4:$E$500,Steuerung!$B$21,Vertragseingänge!$C$4:$C$500,$E$4*1)=0,"",COUNTIFS(Vertragseingänge!$A$4:$A$500,A31,Vertragseingänge!$E$4:$E$500,Steuerung!$B$21,Vertragseingänge!$C$4:$C$500,$E$4*1)))),"") | I31: =IFERROR(IF(Steuerung!$B$22="","",IF($E$4="Alle",IF(COUNTIFS(Vertragseingänge!$A$4:$A$500,A31,Vertragseingänge!$E$4:$E$500,Steuerung!$B$22)=0,"",COUNTIFS(Vertragseingänge!$A$4:$A$500,A31,Vertragseingänge!$E$4:$E$500,Steuerung!$B$22)),IF(COUNTIFS(Vertragseingänge!$A$4:$A$500,A31,Vertragseingänge!$E$4:$E$500,Steuerung!$B$22,Vertragseingänge!$C$4:$C$500,$E$4*1)=0,"",COUNTIFS(Vertragseingänge!$A$4:$A$500,A31,Vertragseingänge!$E$4:$E$500,Steuerung!$B$22,Vertragseingänge!$C$4:$C$500,$E$4*1)))),"") | J31: =IFERROR(IF(B31-SUM(C31:I31)=0,"",B31-SUM(C31:I31)),"") -> 1 | L31: Feb 26 | M31: =IF(OR(Steuerung!$B$6="",NOT(OR($E$4="Alle",$E$4="2026"))),"",SUMIFS('Leads Rohdaten'!$D$4:$D$503,'Leads Rohdaten'!$C$4:$C$503,Steuerung!$B$6,'Leads Rohdaten'!$A$4:$A$503,2026,'Leads Rohdaten'!$B$4:$B$503,"Februar")) | N31: =IF(OR(Steuerung!$B$6="",NOT(OR($E$4="Alle",$E$4="2026"))),"",SUMIFS('Leads Rohdaten'!$E$4:$E$503,'Leads Rohdaten'!$C$4:$C$503,Steuerung!$B$6,'Leads Rohdaten'!$A$4:$A$503,2026,'Leads Rohdaten'!$B$4:$B$503,"Februar")) | O31: =IF(OR(M31="",M31=0),"–",N31/M31) -> – | P31: =IF(Steuerung!$B$6="","",IF(EOMONTH(DATE(2026,MATCH("Februar",{"Januar","Februar","März","April","Mai","Juni","Juli","August","September","Oktober","November","Dezember"},0),1),0)<=TODAY()-Steuerung!$C$27,"R","F")) -> R
A32: KW 28 | B32: =IF($E$4="Alle",COUNTIFS(Vertragseingänge!$A$4:$A$500,A32),COUNTIFS(Vertragseingänge!$A$4:$A$500,A32,Vertragseingänge!$C$4:$C$500,$E$4*1)) -> 4 | C32: =IFERROR(IF(Steuerung!$B$16="","",IF($E$4="Alle",IF(COUNTIFS(Vertragseingänge!$A$4:$A$500,A32,Vertragseingänge!$E$4:$E$500,Steuerung!$B$16)=0,"",COUNTIFS(Vertragseingänge!$A$4:$A$500,A32,Vertragseingänge!$E$4:$E$500,Steuerung!$B$16)),IF(COUNTIFS(Vertragseingänge!$A$4:$A$500,A32,Vertragseingänge!$E$4:$E$500,Steuerung!$B$16,Vertragseingänge!$C$4:$C$500,$E$4*1)=0,"",COUNTIFS(Vertragseingänge!$A$4:$A$500,A32,Vertragseingänge!$E$4:$E$500,Steuerung!$B$16,Vertragseingänge!$C$4:$C$500,$E$4*1)))),"") -> 1 | D32: =IFERROR(IF(Steuerung!$B$17="","",IF($E$4="Alle",IF(COUNTIFS(Vertragseingänge!$A$4:$A$500,A32,Vertragseingänge!$E$4:$E$500,Steuerung!$B$17)=0,"",COUNTIFS(Vertragseingänge!$A$4:$A$500,A32,Vertragseingänge!$E$4:$E$500,Steuerung!$B$17)),IF(COUNTIFS(Vertragseingänge!$A$4:$A$500,A32,Vertragseingänge!$E$4:$E$500,Steuerung!$B$17,Vertragseingänge!$C$4:$C$500,$E$4*1)=0,"",COUNTIFS(Vertragseingänge!$A$4:$A$500,A32,Vertragseingänge!$E$4:$E$500,Steuerung!$B$17,Vertragseingänge!$C$4:$C$500,$E$4*1)))),"") | E32: =IFERROR(IF(Steuerung!$B$18="","",IF($E$4="Alle",IF(COUNTIFS(Vertragseingänge!$A$4:$A$500,A32,Vertragseingänge!$E$4:$E$500,Steuerung!$B$18)=0,"",COUNTIFS(Vertragseingänge!$A$4:$A$500,A32,Vertragseingänge!$E$4:$E$500,Steuerung!$B$18)),IF(COUNTIFS(Vertragseingänge!$A$4:$A$500,A32,Vertragseingänge!$E$4:$E$500,Steuerung!$B$18,Vertragseingänge!$C$4:$C$500,$E$4*1)=0,"",COUNTIFS(Vertragseingänge!$A$4:$A$500,A32,Vertragseingänge!$E$4:$E$500,Steuerung!$B$18,Vertragseingänge!$C$4:$C$500,$E$4*1)))),"") | F32: =IFERROR(IF(Steuerung!$B$19="","",IF($E$4="Alle",IF(COUNTIFS(Vertragseingänge!$A$4:$A$500,A32,Vertragseingänge!$E$4:$E$500,Steuerung!$B$19)=0,"",COUNTIFS(Vertragseingänge!$A$4:$A$500,A32,Vertragseingänge!$E$4:$E$500,Steuerung!$B$19)),IF(COUNTIFS(Vertragseingänge!$A$4:$A$500,A32,Vertragseingänge!$E$4:$E$500,Steuerung!$B$19,Vertragseingänge!$C$4:$C$500,$E$4*1)=0,"",COUNTIFS(Vertragseingänge!$A$4:$A$500,A32,Vertragseingänge!$E$4:$E$500,Steuerung!$B$19,Vertragseingänge!$C$4:$C$500,$E$4*1)))),"") -> 3 | G32: =IFERROR(IF(Steuerung!$B$20="","",IF($E$4="Alle",IF(COUNTIFS(Vertragseingänge!$A$4:$A$500,A32,Vertragseingänge!$E$4:$E$500,Steuerung!$B$20)=0,"",COUNTIFS(Vertragseingänge!$A$4:$A$500,A32,Vertragseingänge!$E$4:$E$500,Steuerung!$B$20)),IF(COUNTIFS(Vertragseingänge!$A$4:$A$500,A32,Vertragseingänge!$E$4:$E$500,Steuerung!$B$20,Vertragseingänge!$C$4:$C$500,$E$4*1)=0,"",COUNTIFS(Vertragseingänge!$A$4:$A$500,A32,Vertragseingänge!$E$4:$E$500,Steuerung!$B$20,Vertragseingänge!$C$4:$C$500,$E$4*1)))),"") | H32: =IFERROR(IF(Steuerung!$B$21="","",IF($E$4="Alle",IF(COUNTIFS(Vertragseingänge!$A$4:$A$500,A32,Vertragseingänge!$E$4:$E$500,Steuerung!$B$21)=0,"",COUNTIFS(Vertragseingänge!$A$4:$A$500,A32,Vertragseingänge!$E$4:$E$500,Steuerung!$B$21)),IF(COUNTIFS(Vertragseingänge!$A$4:$A$500,A32,Vertragseingänge!$E$4:$E$500,Steuerung!$B$21,Vertragseingänge!$C$4:$C$500,$E$4*1)=0,"",COUNTIFS(Vertragseingänge!$A$4:$A$500,A32,Vertragseingänge!$E$4:$E$500,Steuerung!$B$21,Vertragseingänge!$C$4:$C$500,$E$4*1)))),"") | I32: =IFERROR(IF(Steuerung!$B$22="","",IF($E$4="Alle",IF(COUNTIFS(Vertragseingänge!$A$4:$A$500,A32,Vertragseingänge!$E$4:$E$500,Steuerung!$B$22)=0,"",COUNTIFS(Vertragseingänge!$A$4:$A$500,A32,Vertragseingänge!$E$4:$E$500,Steuerung!$B$22)),IF(COUNTIFS(Vertragseingänge!$A$4:$A$500,A32,Vertragseingänge!$E$4:$E$500,Steuerung!$B$22,Vertragseingänge!$C$4:$C$500,$E$4*1)=0,"",COUNTIFS(Vertragseingänge!$A$4:$A$500,A32,Vertragseingänge!$E$4:$E$500,Steuerung!$B$22,Vertragseingänge!$C$4:$C$500,$E$4*1)))),"") | J32: =IFERROR(IF(B32-SUM(C32:I32)=0,"",B32-SUM(C32:I32)),"") | L32: Mär 26 | M32: =IF(OR(Steuerung!$B$6="",NOT(OR($E$4="Alle",$E$4="2026"))),"",SUMIFS('Leads Rohdaten'!$D$4:$D$503,'Leads Rohdaten'!$C$4:$C$503,Steuerung!$B$6,'Leads Rohdaten'!$A$4:$A$503,2026,'Leads Rohdaten'!$B$4:$B$503,"März")) | N32: =IF(OR(Steuerung!$B$6="",NOT(OR($E$4="Alle",$E$4="2026"))),"",SUMIFS('Leads Rohdaten'!$E$4:$E$503,'Leads Rohdaten'!$C$4:$C$503,Steuerung!$B$6,'Leads Rohdaten'!$A$4:$A$503,2026,'Leads Rohdaten'!$B$4:$B$503,"März")) | O32: =IF(OR(M32="",M32=0),"–",N32/M32) -> – | P32: =IF(Steuerung!$B$6="","",IF(EOMONTH(DATE(2026,MATCH("März",{"Januar","Februar","März","April","Mai","Juni","Juli","August","September","Oktober","November","Dezember"},0),1),0)<=TODAY()-Steuerung!$C$27,"R","F")) -> R
A33: KW 29 | B33: =IF($E$4="Alle",COUNTIFS(Vertragseingänge!$A$4:$A$500,A33),COUNTIFS(Vertragseingänge!$A$4:$A$500,A33,Vertragseingänge!$C$4:$C$500,$E$4*1)) -> 8 | C33: =IFERROR(IF(Steuerung!$B$16="","",IF($E$4="Alle",IF(COUNTIFS(Vertragseingänge!$A$4:$A$500,A33,Vertragseingänge!$E$4:$E$500,Steuerung!$B$16)=0,"",COUNTIFS(Vertragseingänge!$A$4:$A$500,A33,Vertragseingänge!$E$4:$E$500,Steuerung!$B$16)),IF(COUNTIFS(Vertragseingänge!$A$4:$A$500,A33,Vertragseingänge!$E$4:$E$500,Steuerung!$B$16,Vertragseingänge!$C$4:$C$500,$E$4*1)=0,"",COUNTIFS(Vertragseingänge!$A$4:$A$500,A33,Vertragseingänge!$E$4:$E$500,Steuerung!$B$16,Vertragseingänge!$C$4:$C$500,$E$4*1)))),"") -> 2 | D33: =IFERROR(IF(Steuerung!$B$17="","",IF($E$4="Alle",IF(COUNTIFS(Vertragseingänge!$A$4:$A$500,A33,Vertragseingänge!$E$4:$E$500,Steuerung!$B$17)=0,"",COUNTIFS(Vertragseingänge!$A$4:$A$500,A33,Vertragseingänge!$E$4:$E$500,Steuerung!$B$17)),IF(COUNTIFS(Vertragseingänge!$A$4:$A$500,A33,Vertragseingänge!$E$4:$E$500,Steuerung!$B$17,Vertragseingänge!$C$4:$C$500,$E$4*1)=0,"",COUNTIFS(Vertragseingänge!$A$4:$A$500,A33,Vertragseingänge!$E$4:$E$500,Steuerung!$B$17,Vertragseingänge!$C$4:$C$500,$E$4*1)))),"") -> 1 | E33: =IFERROR(IF(Steuerung!$B$18="","",IF($E$4="Alle",IF(COUNTIFS(Vertragseingänge!$A$4:$A$500,A33,Vertragseingänge!$E$4:$E$500,Steuerung!$B$18)=0,"",COUNTIFS(Vertragseingänge!$A$4:$A$500,A33,Vertragseingänge!$E$4:$E$500,Steuerung!$B$18)),IF(COUNTIFS(Vertragseingänge!$A$4:$A$500,A33,Vertragseingänge!$E$4:$E$500,Steuerung!$B$18,Vertragseingänge!$C$4:$C$500,$E$4*1)=0,"",COUNTIFS(Vertragseingänge!$A$4:$A$500,A33,Vertragseingänge!$E$4:$E$500,Steuerung!$B$18,Vertragseingänge!$C$4:$C$500,$E$4*1)))),"") | F33: =IFERROR(IF(Steuerung!$B$19="","",IF($E$4="Alle",IF(COUNTIFS(Vertragseingänge!$A$4:$A$500,A33,Vertragseingänge!$E$4:$E$500,Steuerung!$B$19)=0,"",COUNTIFS(Vertragseingänge!$A$4:$A$500,A33,Vertragseingänge!$E$4:$E$500,Steuerung!$B$19)),IF(COUNTIFS(Vertragseingänge!$A$4:$A$500,A33,Vertragseingänge!$E$4:$E$500,Steuerung!$B$19,Vertragseingänge!$C$4:$C$500,$E$4*1)=0,"",COUNTIFS(Vertragseingänge!$A$4:$A$500,A33,Vertragseingänge!$E$4:$E$500,Steuerung!$B$19,Vertragseingänge!$C$4:$C$500,$E$4*1)))),"") -> 4 | G33: =IFERROR(IF(Steuerung!$B$20="","",IF($E$4="Alle",IF(COUNTIFS(Vertragseingänge!$A$4:$A$500,A33,Vertragseingänge!$E$4:$E$500,Steuerung!$B$20)=0,"",COUNTIFS(Vertragseingänge!$A$4:$A$500,A33,Vertragseingänge!$E$4:$E$500,Steuerung!$B$20)),IF(COUNTIFS(Vertragseingänge!$A$4:$A$500,A33,Vertragseingänge!$E$4:$E$500,Steuerung!$B$20,Vertragseingänge!$C$4:$C$500,$E$4*1)=0,"",COUNTIFS(Vertragseingänge!$A$4:$A$500,A33,Vertragseingänge!$E$4:$E$500,Steuerung!$B$20,Vertragseingänge!$C$4:$C$500,$E$4*1)))),"") | H33: =IFERROR(IF(Steuerung!$B$21="","",IF($E$4="Alle",IF(COUNTIFS(Vertragseingänge!$A$4:$A$500,A33,Vertragseingänge!$E$4:$E$500,Steuerung!$B$21)=0,"",COUNTIFS(Vertragseingänge!$A$4:$A$500,A33,Vertragseingänge!$E$4:$E$500,Steuerung!$B$21)),IF(COUNTIFS(Vertragseingänge!$A$4:$A$500,A33,Vertragseingänge!$E$4:$E$500,Steuerung!$B$21,Vertragseingänge!$C$4:$C$500,$E$4*1)=0,"",COUNTIFS(Vertragseingänge!$A$4:$A$500,A33,Vertragseingänge!$E$4:$E$500,Steuerung!$B$21,Vertragseingänge!$C$4:$C$500,$E$4*1)))),"") | I33: =IFERROR(IF(Steuerung!$B$22="","",IF($E$4="Alle",IF(COUNTIFS(Vertragseingänge!$A$4:$A$500,A33,Vertragseingänge!$E$4:$E$500,Steuerung!$B$22)=0,"",COUNTIFS(Vertragseingänge!$A$4:$A$500,A33,Vertragseingänge!$E$4:$E$500,Steuerung!$B$22)),IF(COUNTIFS(Vertragseingänge!$A$4:$A$500,A33,Vertragseingänge!$E$4:$E$500,Steuerung!$B$22,Vertragseingänge!$C$4:$C$500,$E$4*1)=0,"",COUNTIFS(Vertragseingänge!$A$4:$A$500,A33,Vertragseingänge!$E$4:$E$500,Steuerung!$B$22,Vertragseingänge!$C$4:$C$500,$E$4*1)))),"") | J33: =IFERROR(IF(B33-SUM(C33:I33)=0,"",B33-SUM(C33:I33)),"") -> 1 | L33: Apr 26 | M33: =IF(OR(Steuerung!$B$6="",NOT(OR($E$4="Alle",$E$4="2026"))),"",SUMIFS('Leads Rohdaten'!$D$4:$D$503,'Leads Rohdaten'!$C$4:$C$503,Steuerung!$B$6,'Leads Rohdaten'!$A$4:$A$503,2026,'Leads Rohdaten'!$B$4:$B$503,"April")) | N33: =IF(OR(Steuerung!$B$6="",NOT(OR($E$4="Alle",$E$4="2026"))),"",SUMIFS('Leads Rohdaten'!$E$4:$E$503,'Leads Rohdaten'!$C$4:$C$503,Steuerung!$B$6,'Leads Rohdaten'!$A$4:$A$503,2026,'Leads Rohdaten'!$B$4:$B$503,"April")) | O33: =IF(OR(M33="",M33=0),"–",N33/M33) -> – | P33: =IF(Steuerung!$B$6="","",IF(EOMONTH(DATE(2026,MATCH("April",{"Januar","Februar","März","April","Mai","Juni","Juli","August","September","Oktober","November","Dezember"},0),1),0)<=TODAY()-Steuerung!$C$27,"R","F")) -> F
A34: KW 30 | B34: =IF($E$4="Alle",COUNTIFS(Vertragseingänge!$A$4:$A$500,A34),COUNTIFS(Vertragseingänge!$A$4:$A$500,A34,Vertragseingänge!$C$4:$C$500,$E$4*1)) -> 0 | C34: =IFERROR(IF(Steuerung!$B$16="","",IF($E$4="Alle",IF(COUNTIFS(Vertragseingänge!$A$4:$A$500,A34,Vertragseingänge!$E$4:$E$500,Steuerung!$B$16)=0,"",COUNTIFS(Vertragseingänge!$A$4:$A$500,A34,Vertragseingänge!$E$4:$E$500,Steuerung!$B$16)),IF(COUNTIFS(Vertragseingänge!$A$4:$A$500,A34,Vertragseingänge!$E$4:$E$500,Steuerung!$B$16,Vertragseingänge!$C$4:$C$500,$E$4*1)=0,"",COUNTIFS(Vertragseingänge!$A$4:$A$500,A34,Vertragseingänge!$E$4:$E$500,Steuerung!$B$16,Vertragseingänge!$C$4:$C$500,$E$4*1)))),"") | D34: =IFERROR(IF(Steuerung!$B$17="","",IF($E$4="Alle",IF(COUNTIFS(Vertragseingänge!$A$4:$A$500,A34,Vertragseingänge!$E$4:$E$500,Steuerung!$B$17)=0,"",COUNTIFS(Vertragseingänge!$A$4:$A$500,A34,Vertragseingänge!$E$4:$E$500,Steuerung!$B$17)),IF(COUNTIFS(Vertragseingänge!$A$4:$A$500,A34,Vertragseingänge!$E$4:$E$500,Steuerung!$B$17,Vertragseingänge!$C$4:$C$500,$E$4*1)=0,"",COUNTIFS(Vertragseingänge!$A$4:$A$500,A34,Vertragseingänge!$E$4:$E$500,Steuerung!$B$17,Vertragseingänge!$C$4:$C$500,$E$4*1)))),"") | E34: =IFERROR(IF(Steuerung!$B$18="","",IF($E$4="Alle",IF(COUNTIFS(Vertragseingänge!$A$4:$A$500,A34,Vertragseingänge!$E$4:$E$500,Steuerung!$B$18)=0,"",COUNTIFS(Vertragseingänge!$A$4:$A$500,A34,Vertragseingänge!$E$4:$E$500,Steuerung!$B$18)),IF(COUNTIFS(Vertragseingänge!$A$4:$A$500,A34,Vertragseingänge!$E$4:$E$500,Steuerung!$B$18,Vertragseingänge!$C$4:$C$500,$E$4*1)=0,"",COUNTIFS(Vertragseingänge!$A$4:$A$500,A34,Vertragseingänge!$E$4:$E$500,Steuerung!$B$18,Vertragseingänge!$C$4:$C$500,$E$4*1)))),"") | F34: =IFERROR(IF(Steuerung!$B$19="","",IF($E$4="Alle",IF(COUNTIFS(Vertragseingänge!$A$4:$A$500,A34,Vertragseingänge!$E$4:$E$500,Steuerung!$B$19)=0,"",COUNTIFS(Vertragseingänge!$A$4:$A$500,A34,Vertragseingänge!$E$4:$E$500,Steuerung!$B$19)),IF(COUNTIFS(Vertragseingänge!$A$4:$A$500,A34,Vertragseingänge!$E$4:$E$500,Steuerung!$B$19,Vertragseingänge!$C$4:$C$500,$E$4*1)=0,"",COUNTIFS(Vertragseingänge!$A$4:$A$500,A34,Vertragseingänge!$E$4:$E$500,Steuerung!$B$19,Vertragseingänge!$C$4:$C$500,$E$4*1)))),"") | G34: =IFERROR(IF(Steuerung!$B$20="","",IF($E$4="Alle",IF(COUNTIFS(Vertragseingänge!$A$4:$A$500,A34,Vertragseingänge!$E$4:$E$500,Steuerung!$B$20)=0,"",COUNTIFS(Vertragseingänge!$A$4:$A$500,A34,Vertragseingänge!$E$4:$E$500,Steuerung!$B$20)),IF(COUNTIFS(Vertragseingänge!$A$4:$A$500,A34,Vertragseingänge!$E$4:$E$500,Steuerung!$B$20,Vertragseingänge!$C$4:$C$500,$E$4*1)=0,"",COUNTIFS(Vertragseingänge!$A$4:$A$500,A34,Vertragseingänge!$E$4:$E$500,Steuerung!$B$20,Vertragseingänge!$C$4:$C$500,$E$4*1)))),"") | H34: =IFERROR(IF(Steuerung!$B$21="","",IF($E$4="Alle",IF(COUNTIFS(Vertragseingänge!$A$4:$A$500,A34,Vertragseingänge!$E$4:$E$500,Steuerung!$B$21)=0,"",COUNTIFS(Vertragseingänge!$A$4:$A$500,A34,Vertragseingänge!$E$4:$E$500,Steuerung!$B$21)),IF(COUNTIFS(Vertragseingänge!$A$4:$A$500,A34,Vertragseingänge!$E$4:$E$500,Steuerung!$B$21,Vertragseingänge!$C$4:$C$500,$E$4*1)=0,"",COUNTIFS(Vertragseingänge!$A$4:$A$500,A34,Vertragseingänge!$E$4:$E$500,Steuerung!$B$21,Vertragseingänge!$C$4:$C$500,$E$4*1)))),"") | I34: =IFERROR(IF(Steuerung!$B$22="","",IF($E$4="Alle",IF(COUNTIFS(Vertragseingänge!$A$4:$A$500,A34,Vertragseingänge!$E$4:$E$500,Steuerung!$B$22)=0,"",COUNTIFS(Vertragseingänge!$A$4:$A$500,A34,Vertragseingänge!$E$4:$E$500,Steuerung!$B$22)),IF(COUNTIFS(Vertragseingänge!$A$4:$A$500,A34,Vertragseingänge!$E$4:$E$500,Steuerung!$B$22,Vertragseingänge!$C$4:$C$500,$E$4*1)=0,"",COUNTIFS(Vertragseingänge!$A$4:$A$500,A34,Vertragseingänge!$E$4:$E$500,Steuerung!$B$22,Vertragseingänge!$C$4:$C$500,$E$4*1)))),"") | J34: =IFERROR(IF(B34-SUM(C34:I34)=0,"",B34-SUM(C34:I34)),"") | L34: Mai 26 | M34: =IF(OR(Steuerung!$B$6="",NOT(OR($E$4="Alle",$E$4="2026"))),"",SUMIFS('Leads Rohdaten'!$D$4:$D$503,'Leads Rohdaten'!$C$4:$C$503,Steuerung!$B$6,'Leads Rohdaten'!$A$4:$A$503,2026,'Leads Rohdaten'!$B$4:$B$503,"Mai")) | N34: =IF(OR(Steuerung!$B$6="",NOT(OR($E$4="Alle",$E$4="2026"))),"",SUMIFS('Leads Rohdaten'!$E$4:$E$503,'Leads Rohdaten'!$C$4:$C$503,Steuerung!$B$6,'Leads Rohdaten'!$A$4:$A$503,2026,'Leads Rohdaten'!$B$4:$B$503,"Mai")) | O34: =IF(OR(M34="",M34=0),"–",N34/M34) -> – | P34: =IF(Steuerung!$B$6="","",IF(EOMONTH(DATE(2026,MATCH("Mai",{"Januar","Februar","März","April","Mai","Juni","Juli","August","September","Oktober","November","Dezember"},0),1),0)<=TODAY()-Steuerung!$C$27,"R","F")) -> F
A35: KW 31 | B35: =IF($E$4="Alle",COUNTIFS(Vertragseingänge!$A$4:$A$500,A35),COUNTIFS(Vertragseingänge!$A$4:$A$500,A35,Vertragseingänge!$C$4:$C$500,$E$4*1)) -> 0 | C35: =IFERROR(IF(Steuerung!$B$16="","",IF($E$4="Alle",IF(COUNTIFS(Vertragseingänge!$A$4:$A$500,A35,Vertragseingänge!$E$4:$E$500,Steuerung!$B$16)=0,"",COUNTIFS(Vertragseingänge!$A$4:$A$500,A35,Vertragseingänge!$E$4:$E$500,Steuerung!$B$16)),IF(COUNTIFS(Vertragseingänge!$A$4:$A$500,A35,Vertragseingänge!$E$4:$E$500,Steuerung!$B$16,Vertragseingänge!$C$4:$C$500,$E$4*1)=0,"",COUNTIFS(Vertragseingänge!$A$4:$A$500,A35,Vertragseingänge!$E$4:$E$500,Steuerung!$B$16,Vertragseingänge!$C$4:$C$500,$E$4*1)))),"") | D35: =IFERROR(IF(Steuerung!$B$17="","",IF($E$4="Alle",IF(COUNTIFS(Vertragseingänge!$A$4:$A$500,A35,Vertragseingänge!$E$4:$E$500,Steuerung!$B$17)=0,"",COUNTIFS(Vertragseingänge!$A$4:$A$500,A35,Vertragseingänge!$E$4:$E$500,Steuerung!$B$17)),IF(COUNTIFS(Vertragseingänge!$A$4:$A$500,A35,Vertragseingänge!$E$4:$E$500,Steuerung!$B$17,Vertragseingänge!$C$4:$C$500,$E$4*1)=0,"",COUNTIFS(Vertragseingänge!$A$4:$A$500,A35,Vertragseingänge!$E$4:$E$500,Steuerung!$B$17,Vertragseingänge!$C$4:$C$500,$E$4*1)))),"") | E35: =IFERROR(IF(Steuerung!$B$18="","",IF($E$4="Alle",IF(COUNTIFS(Vertragseingänge!$A$4:$A$500,A35,Vertragseingänge!$E$4:$E$500,Steuerung!$B$18)=0,"",COUNTIFS(Vertragseingänge!$A$4:$A$500,A35,Vertragseingänge!$E$4:$E$500,Steuerung!$B$18)),IF(COUNTIFS(Vertragseingänge!$A$4:$A$500,A35,Vertragseingänge!$E$4:$E$500,Steuerung!$B$18,Vertragseingänge!$C$4:$C$500,$E$4*1)=0,"",COUNTIFS(Vertragseingänge!$A$4:$A$500,A35,Vertragseingänge!$E$4:$E$500,Steuerung!$B$18,Vertragseingänge!$C$4:$C$500,$E$4*1)))),"") | F35: =IFERROR(IF(Steuerung!$B$19="","",IF($E$4="Alle",IF(COUNTIFS(Vertragseingänge!$A$4:$A$500,A35,Vertragseingänge!$E$4:$E$500,Steuerung!$B$19)=0,"",COUNTIFS(Vertragseingänge!$A$4:$A$500,A35,Vertragseingänge!$E$4:$E$500,Steuerung!$B$19)),IF(COUNTIFS(Vertragseingänge!$A$4:$A$500,A35,Vertragseingänge!$E$4:$E$500,Steuerung!$B$19,Vertragseingänge!$C$4:$C$500,$E$4*1)=0,"",COUNTIFS(Vertragseingänge!$A$4:$A$500,A35,Vertragseingänge!$E$4:$E$500,Steuerung!$B$19,Vertragseingänge!$C$4:$C$500,$E$4*1)))),"") | G35: =IFERROR(IF(Steuerung!$B$20="","",IF($E$4="Alle",IF(COUNTIFS(Vertragseingänge!$A$4:$A$500,A35,Vertragseingänge!$E$4:$E$500,Steuerung!$B$20)=0,"",COUNTIFS(Vertragseingänge!$A$4:$A$500,A35,Vertragseingänge!$E$4:$E$500,Steuerung!$B$20)),IF(COUNTIFS(Vertragseingänge!$A$4:$A$500,A35,Vertragseingänge!$E$4:$E$500,Steuerung!$B$20,Vertragseingänge!$C$4:$C$500,$E$4*1)=0,"",COUNTIFS(Vertragseingänge!$A$4:$A$500,A35,Vertragseingänge!$E$4:$E$500,Steuerung!$B$20,Vertragseingänge!$C$4:$C$500,$E$4*1)))),"") | H35: =IFERROR(IF(Steuerung!$B$21="","",IF($E$4="Alle",IF(COUNTIFS(Vertragseingänge!$A$4:$A$500,A35,Vertragseingänge!$E$4:$E$500,Steuerung!$B$21)=0,"",COUNTIFS(Vertragseingänge!$A$4:$A$500,A35,Vertragseingänge!$E$4:$E$500,Steuerung!$B$21)),IF(COUNTIFS(Vertragseingänge!$A$4:$A$500,A35,Vertragseingänge!$E$4:$E$500,Steuerung!$B$21,Vertragseingänge!$C$4:$C$500,$E$4*1)=0,"",COUNTIFS(Vertragseingänge!$A$4:$A$500,A35,Vertragseingänge!$E$4:$E$500,Steuerung!$B$21,Vertragseingänge!$C$4:$C$500,$E$4*1)))),"") | I35: =IFERROR(IF(Steuerung!$B$22="","",IF($E$4="Alle",IF(COUNTIFS(Vertragseingänge!$A$4:$A$500,A35,Vertragseingänge!$E$4:$E$500,Steuerung!$B$22)=0,"",COUNTIFS(Vertragseingänge!$A$4:$A$500,A35,Vertragseingänge!$E$4:$E$500,Steuerung!$B$22)),IF(COUNTIFS(Vertragseingänge!$A$4:$A$500,A35,Vertragseingänge!$E$4:$E$500,Steuerung!$B$22,Vertragseingänge!$C$4:$C$500,$E$4*1)=0,"",COUNTIFS(Vertragseingänge!$A$4:$A$500,A35,Vertragseingänge!$E$4:$E$500,Steuerung!$B$22,Vertragseingänge!$C$4:$C$500,$E$4*1)))),"") | J35: =IFERROR(IF(B35-SUM(C35:I35)=0,"",B35-SUM(C35:I35)),"") | L35: Jun 26 | M35: =IF(OR(Steuerung!$B$6="",NOT(OR($E$4="Alle",$E$4="2026"))),"",SUMIFS('Leads Rohdaten'!$D$4:$D$503,'Leads Rohdaten'!$C$4:$C$503,Steuerung!$B$6,'Leads Rohdaten'!$A$4:$A$503,2026,'Leads Rohdaten'!$B$4:$B$503,"Juni")) | N35: =IF(OR(Steuerung!$B$6="",NOT(OR($E$4="Alle",$E$4="2026"))),"",SUMIFS('Leads Rohdaten'!$E$4:$E$503,'Leads Rohdaten'!$C$4:$C$503,Steuerung!$B$6,'Leads Rohdaten'!$A$4:$A$503,2026,'Leads Rohdaten'!$B$4:$B$503,"Juni")) | O35: =IF(OR(M35="",M35=0),"–",N35/M35) -> – | P35: =IF(Steuerung!$B$6="","",IF(EOMONTH(DATE(2026,MATCH("Juni",{"Januar","Februar","März","April","Mai","Juni","Juli","August","September","Oktober","November","Dezember"},0),1),0)<=TODAY()-Steuerung!$C$27,"R","F")) -> F
A36: KW 32 | B36: =IF($E$4="Alle",COUNTIFS(Vertragseingänge!$A$4:$A$500,A36),COUNTIFS(Vertragseingänge!$A$4:$A$500,A36,Vertragseingänge!$C$4:$C$500,$E$4*1)) -> 0 | C36: =IFERROR(IF(Steuerung!$B$16="","",IF($E$4="Alle",IF(COUNTIFS(Vertragseingänge!$A$4:$A$500,A36,Vertragseingänge!$E$4:$E$500,Steuerung!$B$16)=0,"",COUNTIFS(Vertragseingänge!$A$4:$A$500,A36,Vertragseingänge!$E$4:$E$500,Steuerung!$B$16)),IF(COUNTIFS(Vertragseingänge!$A$4:$A$500,A36,Vertragseingänge!$E$4:$E$500,Steuerung!$B$16,Vertragseingänge!$C$4:$C$500,$E$4*1)=0,"",COUNTIFS(Vertragseingänge!$A$4:$A$500,A36,Vertragseingänge!$E$4:$E$500,Steuerung!$B$16,Vertragseingänge!$C$4:$C$500,$E$4*1)))),"") | D36: =IFERROR(IF(Steuerung!$B$17="","",IF($E$4="Alle",IF(COUNTIFS(Vertragseingänge!$A$4:$A$500,A36,Vertragseingänge!$E$4:$E$500,Steuerung!$B$17)=0,"",COUNTIFS(Vertragseingänge!$A$4:$A$500,A36,Vertragseingänge!$E$4:$E$500,Steuerung!$B$17)),IF(COUNTIFS(Vertragseingänge!$A$4:$A$500,A36,Vertragseingänge!$E$4:$E$500,Steuerung!$B$17,Vertragseingänge!$C$4:$C$500,$E$4*1)=0,"",COUNTIFS(Vertragseingänge!$A$4:$A$500,A36,Vertragseingänge!$E$4:$E$500,Steuerung!$B$17,Vertragseingänge!$C$4:$C$500,$E$4*1)))),"") | E36: =IFERROR(IF(Steuerung!$B$18="","",IF($E$4="Alle",IF(COUNTIFS(Vertragseingänge!$A$4:$A$500,A36,Vertragseingänge!$E$4:$E$500,Steuerung!$B$18)=0,"",COUNTIFS(Vertragseingänge!$A$4:$A$500,A36,Vertragseingänge!$E$4:$E$500,Steuerung!$B$18)),IF(COUNTIFS(Vertragseingänge!$A$4:$A$500,A36,Vertragseingänge!$E$4:$E$500,Steuerung!$B$18,Vertragseingänge!$C$4:$C$500,$E$4*1)=0,"",COUNTIFS(Vertragseingänge!$A$4:$A$500,A36,Vertragseingänge!$E$4:$E$500,Steuerung!$B$18,Vertragseingänge!$C$4:$C$500,$E$4*1)))),"") | F36: =IFERROR(IF(Steuerung!$B$19="","",IF($E$4="Alle",IF(COUNTIFS(Vertragseingänge!$A$4:$A$500,A36,Vertragseingänge!$E$4:$E$500,Steuerung!$B$19)=0,"",COUNTIFS(Vertragseingänge!$A$4:$A$500,A36,Vertragseingänge!$E$4:$E$500,Steuerung!$B$19)),IF(COUNTIFS(Vertragseingänge!$A$4:$A$500,A36,Vertragseingänge!$E$4:$E$500,Steuerung!$B$19,Vertragseingänge!$C$4:$C$500,$E$4*1)=0,"",COUNTIFS(Vertragseingänge!$A$4:$A$500,A36,Vertragseingänge!$E$4:$E$500,Steuerung!$B$19,Vertragseingänge!$C$4:$C$500,$E$4*1)))),"") | G36: =IFERROR(IF(Steuerung!$B$20="","",IF($E$4="Alle",IF(COUNTIFS(Vertragseingänge!$A$4:$A$500,A36,Vertragseingänge!$E$4:$E$500,Steuerung!$B$20)=0,"",COUNTIFS(Vertragseingänge!$A$4:$A$500,A36,Vertragseingänge!$E$4:$E$500,Steuerung!$B$20)),IF(COUNTIFS(Vertragseingänge!$A$4:$A$500,A36,Vertragseingänge!$E$4:$E$500,Steuerung!$B$20,Vertragseingänge!$C$4:$C$500,$E$4*1)=0,"",COUNTIFS(Vertragseingänge!$A$4:$A$500,A36,Vertragseingänge!$E$4:$E$500,Steuerung!$B$20,Vertragseingänge!$C$4:$C$500,$E$4*1)))),"") | H36: =IFERROR(IF(Steuerung!$B$21="","",IF($E$4="Alle",IF(COUNTIFS(Vertragseingänge!$A$4:$A$500,A36,Vertragseingänge!$E$4:$E$500,Steuerung!$B$21)=0,"",COUNTIFS(Vertragseingänge!$A$4:$A$500,A36,Vertragseingänge!$E$4:$E$500,Steuerung!$B$21)),IF(COUNTIFS(Vertragseingänge!$A$4:$A$500,A36,Vertragseingänge!$E$4:$E$500,Steuerung!$B$21,Vertragseingänge!$C$4:$C$500,$E$4*1)=0,"",COUNTIFS(Vertragseingänge!$A$4:$A$500,A36,Vertragseingänge!$E$4:$E$500,Steuerung!$B$21,Vertragseingänge!$C$4:$C$500,$E$4*1)))),"") | I36: =IFERROR(IF(Steuerung!$B$22="","",IF($E$4="Alle",IF(COUNTIFS(Vertragseingänge!$A$4:$A$500,A36,Vertragseingänge!$E$4:$E$500,Steuerung!$B$22)=0,"",COUNTIFS(Vertragseingänge!$A$4:$A$500,A36,Vertragseingänge!$E$4:$E$500,Steuerung!$B$22)),IF(COUNTIFS(Vertragseingänge!$A$4:$A$500,A36,Vertragseingänge!$E$4:$E$500,Steuerung!$B$22,Vertragseingänge!$C$4:$C$500,$E$4*1)=0,"",COUNTIFS(Vertragseingänge!$A$4:$A$500,A36,Vertragseingänge!$E$4:$E$500,Steuerung!$B$22,Vertragseingänge!$C$4:$C$500,$E$4*1)))),"") | J36: =IFERROR(IF(B36-SUM(C36:I36)=0,"",B36-SUM(C36:I36)),"")
A37: GES. | B37: =SUM(B6:B36) -> 174 | C37: =SUM(C6:C36) -> 69 | D37: =SUM(D6:D36) -> 42 | E37: =SUM(E6:E36) -> 18 | F37: =SUM(F6:F36) -> 15 | G37: =SUM(G6:G36) -> 2 | H37: =SUM(H6:H36) -> 2 | I37: =SUM(I6:I36) -> 2 | J37: =B37-SUM(C37:I37) -> 24 | L37: =IF(Steuerung!B7=""," (leerer Slot)"," "&Steuerung!C7) -> Gabriella
L38: Okt 25 | M38: =IF(OR(Steuerung!$B$7="",NOT(OR($E$4="Alle",$E$4="2025"))),"",SUMIFS('Leads Rohdaten'!$D$4:$D$503,'Leads Rohdaten'!$C$4:$C$503,Steuerung!$B$7,'Leads Rohdaten'!$A$4:$A$503,2025,'Leads Rohdaten'!$B$4:$B$503,"Oktober")) | N38: =IF(OR(Steuerung!$B$7="",NOT(OR($E$4="Alle",$E$4="2025"))),"",SUMIFS('Leads Rohdaten'!$E$4:$E$503,'Leads Rohdaten'!$C$4:$C$503,Steuerung!$B$7,'Leads Rohdaten'!$A$4:$A$503,2025,'Leads Rohdaten'!$B$4:$B$503,"Oktober")) | O38: =IF(OR(M38="",M38=0),"–",N38/M38) -> – | P38: =IF(Steuerung!$B$7="","",IF(EOMONTH(DATE(2025,MATCH("Oktober",{"Januar","Februar","März","April","Mai","Juni","Juli","August","September","Oktober","November","Dezember"},0),1),0)<=TODAY()-Steuerung!$C$27,"R","F")) -> R
L39: Nov 25 | M39: =IF(OR(Steuerung!$B$7="",NOT(OR($E$4="Alle",$E$4="2025"))),"",SUMIFS('Leads Rohdaten'!$D$4:$D$503,'Leads Rohdaten'!$C$4:$C$503,Steuerung!$B$7,'Leads Rohdaten'!$A$4:$A$503,2025,'Leads Rohdaten'!$B$4:$B$503,"November")) | N39: =IF(OR(Steuerung!$B$7="",NOT(OR($E$4="Alle",$E$4="2025"))),"",SUMIFS('Leads Rohdaten'!$E$4:$E$503,'Leads Rohdaten'!$C$4:$C$503,Steuerung!$B$7,'Leads Rohdaten'!$A$4:$A$503,2025,'Leads Rohdaten'!$B$4:$B$503,"November")) | O39: =IF(OR(M39="",M39=0),"–",N39/M39) -> – | P39: =IF(Steuerung!$B$7="","",IF(EOMONTH(DATE(2025,MATCH("November",{"Januar","Februar","März","April","Mai","Juni","Juli","August","September","Oktober","November","Dezember"},0),1),0)<=TODAY()-Steuerung!$C$27,"R","F")) -> R
L40: Dez 25 | M40: =IF(OR(Steuerung!$B$7="",NOT(OR($E$4="Alle",$E$4="2025"))),"",SUMIFS('Leads Rohdaten'!$D$4:$D$503,'Leads Rohdaten'!$C$4:$C$503,Steuerung!$B$7,'Leads Rohdaten'!$A$4:$A$503,2025,'Leads Rohdaten'!$B$4:$B$503,"Dezember")) | N40: =IF(OR(Steuerung!$B$7="",NOT(OR($E$4="Alle",$E$4="2025"))),"",SUMIFS('Leads Rohdaten'!$E$4:$E$503,'Leads Rohdaten'!$C$4:$C$503,Steuerung!$B$7,'Leads Rohdaten'!$A$4:$A$503,2025,'Leads Rohdaten'!$B$4:$B$503,"Dezember")) | O40: =IF(OR(M40="",M40=0),"–",N40/M40) -> – | P40: =IF(Steuerung!$B$7="","",IF(EOMONTH(DATE(2025,MATCH("Dezember",{"Januar","Februar","März","April","Mai","Juni","Juli","August","September","Oktober","November","Dezember"},0),1),0)<=TODAY()-Steuerung!$C$27,"R","F")) -> R
L41: Jan 26 | M41: =IF(OR(Steuerung!$B$7="",NOT(OR($E$4="Alle",$E$4="2026"))),"",SUMIFS('Leads Rohdaten'!$D$4:$D$503,'Leads Rohdaten'!$C$4:$C$503,Steuerung!$B$7,'Leads Rohdaten'!$A$4:$A$503,2026,'Leads Rohdaten'!$B$4:$B$503,"Januar")) | N41: =IF(OR(Steuerung!$B$7="",NOT(OR($E$4="Alle",$E$4="2026"))),"",SUMIFS('Leads Rohdaten'!$E$4:$E$503,'Leads Rohdaten'!$C$4:$C$503,Steuerung!$B$7,'Leads Rohdaten'!$A$4:$A$503,2026,'Leads Rohdaten'!$B$4:$B$503,"Januar")) | O41: =IF(OR(M41="",M41=0),"–",N41/M41) -> – | P41: =IF(Steuerung!$B$7="","",IF(EOMONTH(DATE(2026,MATCH("Januar",{"Januar","Februar","März","April","Mai","Juni","Juli","August","September","Oktober","November","Dezember"},0),1),0)<=TODAY()-Steuerung!$C$27,"R","F")) -> R
L42: Feb 26 | M42: =IF(OR(Steuerung!$B$7="",NOT(OR($E$4="Alle",$E$4="2026"))),"",SUMIFS('Leads Rohdaten'!$D$4:$D$503,'Leads Rohdaten'!$C$4:$C$503,Steuerung!$B$7,'Leads Rohdaten'!$A$4:$A$503,2026,'Leads Rohdaten'!$B$4:$B$503,"Februar")) | N42: =IF(OR(Steuerung!$B$7="",NOT(OR($E$4="Alle",$E$4="2026"))),"",SUMIFS('Leads Rohdaten'!$E$4:$E$503,'Leads Rohdaten'!$C$4:$C$503,Steuerung!$B$7,'Leads Rohdaten'!$A$4:$A$503,2026,'Leads Rohdaten'!$B$4:$B$503,"Februar")) | O42: =IF(OR(M42="",M42=0),"–",N42/M42) -> – | P42: =IF(Steuerung!$B$7="","",IF(EOMONTH(DATE(2026,MATCH("Februar",{"Januar","Februar","März","April","Mai","Juni","Juli","August","September","Oktober","November","Dezember"},0),1),0)<=TODAY()-Steuerung!$C$27,"R","F")) -> R
L43: Mär 26 | M43: =IF(OR(Steuerung!$B$7="",NOT(OR($E$4="Alle",$E$4="2026"))),"",SUMIFS('Leads Rohdaten'!$D$4:$D$503,'Leads Rohdaten'!$C$4:$C$503,Steuerung!$B$7,'Leads Rohdaten'!$A$4:$A$503,2026,'Leads Rohdaten'!$B$4:$B$503,"März")) | N43: =IF(OR(Steuerung!$B$7="",NOT(OR($E$4="Alle",$E$4="2026"))),"",SUMIFS('Leads Rohdaten'!$E$4:$E$503,'Leads Rohdaten'!$C$4:$C$503,Steuerung!$B$7,'Leads Rohdaten'!$A$4:$A$503,2026,'Leads Rohdaten'!$B$4:$B$503,"März")) | O43: =IF(OR(M43="",M43=0),"–",N43/M43) -> – | P43: =IF(Steuerung!$B$7="","",IF(EOMONTH(DATE(2026,MATCH("März",{"Januar","Februar","März","April","Mai","Juni","Juli","August","September","Oktober","November","Dezember"},0),1),0)<=TODAY()-Steuerung!$C$27,"R","F")) -> R
L44: Apr 26 | M44: =IF(OR(Steuerung!$B$7="",NOT(OR($E$4="Alle",$E$4="2026"))),"",SUMIFS('Leads Rohdaten'!$D$4:$D$503,'Leads Rohdaten'!$C$4:$C$503,Steuerung!$B$7,'Leads Rohdaten'!$A$4:$A$503,2026,'Leads Rohdaten'!$B$4:$B$503,"April")) | N44: =IF(OR(Steuerung!$B$7="",NOT(OR($E$4="Alle",$E$4="2026"))),"",SUMIFS('Leads Rohdaten'!$E$4:$E$503,'Leads Rohdaten'!$C$4:$C$503,Steuerung!$B$7,'Leads Rohdaten'!$A$4:$A$503,2026,'Leads Rohdaten'!$B$4:$B$503,"April")) | O44: =IF(OR(M44="",M44=0),"–",N44/M44) -> – | P44: =IF(Steuerung!$B$7="","",IF(EOMONTH(DATE(2026,MATCH("April",{"Januar","Februar","März","April","Mai","Juni","Juli","August","September","Oktober","November","Dezember"},0),1),0)<=TODAY()-Steuerung!$C$27,"R","F")) -> F
L45: Mai 26 | M45: =IF(OR(Steuerung!$B$7="",NOT(OR($E$4="Alle",$E$4="2026"))),"",SUMIFS('Leads Rohdaten'!$D$4:$D$503,'Leads Rohdaten'!$C$4:$C$503,Steuerung!$B$7,'Leads Rohdaten'!$A$4:$A$503,2026,'Leads Rohdaten'!$B$4:$B$503,"Mai")) | N45: =IF(OR(Steuerung!$B$7="",NOT(OR($E$4="Alle",$E$4="2026"))),"",SUMIFS('Leads Rohdaten'!$E$4:$E$503,'Leads Rohdaten'!$C$4:$C$503,Steuerung!$B$7,'Leads Rohdaten'!$A$4:$A$503,2026,'Leads Rohdaten'!$B$4:$B$503,"Mai")) | O45: =IF(OR(M45="",M45=0),"–",N45/M45) -> – | P45: =IF(Steuerung!$B$7="","",IF(EOMONTH(DATE(2026,MATCH("Mai",{"Januar","Februar","März","April","Mai","Juni","Juli","August","September","Oktober","November","Dezember"},0),1),0)<=TODAY()-Steuerung!$C$27,"R","F")) -> F
L46: Jun 26 | M46: =IF(OR(Steuerung!$B$7="",NOT(OR($E$4="Alle",$E$4="2026"))),"",SUMIFS('Leads Rohdaten'!$D$4:$D$503,'Leads Rohdaten'!$C$4:$C$503,Steuerung!$B$7,'Leads Rohdaten'!$A$4:$A$503,2026,'Leads Rohdaten'!$B$4:$B$503,"Juni")) | N46: =IF(OR(Steuerung!$B$7="",NOT(OR($E$4="Alle",$E$4="2026"))),"",SUMIFS('Leads Rohdaten'!$E$4:$E$503,'Leads Rohdaten'!$C$4:$C$503,Steuerung!$B$7,'Leads Rohdaten'!$A$4:$A$503,2026,'Leads Rohdaten'!$B$4:$B$503,"Juni")) | O46: =IF(OR(M46="",M46=0),"–",N46/M46) -> – | P46: =IF(Steuerung!$B$7="","",IF(EOMONTH(DATE(2026,MATCH("Juni",{"Januar","Februar","März","April","Mai","Juni","Juli","August","September","Oktober","November","Dezember"},0),1),0)<=TODAY()-Steuerung!$C$27,"R","F")) -> F
L48: =IF(Steuerung!B8=""," (leerer Slot)"," "&Steuerung!C8) -> Gerd
L49: Okt 25 | M49: =IF(OR(Steuerung!$B$8="",NOT(OR($E$4="Alle",$E$4="2025"))),"",SUMIFS('Leads Rohdaten'!$D$4:$D$503,'Leads Rohdaten'!$C$4:$C$503,Steuerung!$B$8,'Leads Rohdaten'!$A$4:$A$503,2025,'Leads Rohdaten'!$B$4:$B$503,"Oktober")) | N49: =IF(OR(Steuerung!$B$8="",NOT(OR($E$4="Alle",$E$4="2025"))),"",SUMIFS('Leads Rohdaten'!$E$4:$E$503,'Leads Rohdaten'!$C$4:$C$503,Steuerung!$B$8,'Leads Rohdaten'!$A$4:$A$503,2025,'Leads Rohdaten'!$B$4:$B$503,"Oktober")) | O49: =IF(OR(M49="",M49=0),"–",N49/M49) -> – | P49: =IF(Steuerung!$B$8="","",IF(EOMONTH(DATE(2025,MATCH("Oktober",{"Januar","Februar","März","April","Mai","Juni","Juli","August","September","Oktober","November","Dezember"},0),1),0)<=TODAY()-Steuerung!$C$27,"R","F")) -> R
L50: Nov 25 | M50: =IF(OR(Steuerung!$B$8="",NOT(OR($E$4="Alle",$E$4="2025"))),"",SUMIFS('Leads Rohdaten'!$D$4:$D$503,'Leads Rohdaten'!$C$4:$C$503,Steuerung!$B$8,'Leads Rohdaten'!$A$4:$A$503,2025,'Leads Rohdaten'!$B$4:$B$503,"November")) | N50: =IF(OR(Steuerung!$B$8="",NOT(OR($E$4="Alle",$E$4="2025"))),"",SUMIFS('Leads Rohdaten'!$E$4:$E$503,'Leads Rohdaten'!$C$4:$C$503,Steuerung!$B$8,'Leads Rohdaten'!$A$4:$A$503,2025,'Leads Rohdaten'!$B$4:$B$503,"November")) | O50: =IF(OR(M50="",M50=0),"–",N50/M50) -> – | P50: =IF(Steuerung!$B$8="","",IF(EOMONTH(DATE(2025,MATCH("November",{"Januar","Februar","März","April","Mai","Juni","Juli","August","September","Oktober","November","Dezember"},0),1),0)<=TODAY()-Steuerung!$C$27,"R","F")) -> R
L51: Dez 25 | M51: =IF(OR(Steuerung!$B$8="",NOT(OR($E$4="Alle",$E$4="2025"))),"",SUMIFS('Leads Rohdaten'!$D$4:$D$503,'Leads Rohdaten'!$C$4:$C$503,Steuerung!$B$8,'Leads Rohdaten'!$A$4:$A$503,2025,'Leads Rohdaten'!$B$4:$B$503,"Dezember")) | N51: =IF(OR(Steuerung!$B$8="",NOT(OR($E$4="Alle",$E$4="2025"))),"",SUMIFS('Leads Rohdaten'!$E$4:$E$503,'Leads Rohdaten'!$C$4:$C$503,Steuerung!$B$8,'Leads Rohdaten'!$A$4:$A$503,2025,'Leads Rohdaten'!$B$4:$B$503,"Dezember")) | O51: =IF(OR(M51="",M51=0),"–",N51/M51) -> – | P51: =IF(Steuerung!$B$8="","",IF(EOMONTH(DATE(2025,MATCH("Dezember",{"Januar","Februar","März","April","Mai","Juni","Juli","August","September","Oktober","November","Dezember"},0),1),0)<=TODAY()-Steuerung!$C$27,"R","F")) -> R
L52: Jan 26 | M52: =IF(OR(Steuerung!$B$8="",NOT(OR($E$4="Alle",$E$4="2026"))),"",SUMIFS('Leads Rohdaten'!$D$4:$D$503,'Leads Rohdaten'!$C$4:$C$503,Steuerung!$B$8,'Leads Rohdaten'!$A$4:$A$503,2026,'Leads Rohdaten'!$B$4:$B$503,"Januar")) | N52: =IF(OR(Steuerung!$B$8="",NOT(OR($E$4="Alle",$E$4="2026"))),"",SUMIFS('Leads Rohdaten'!$E$4:$E$503,'Leads Rohdaten'!$C$4:$C$503,Steuerung!$B$8,'Leads Rohdaten'!$A$4:$A$503,2026,'Leads Rohdaten'!$B$4:$B$503,"Januar")) | O52: =IF(OR(M52="",M52=0),"–",N52/M52) -> – | P52: =IF(Steuerung!$B$8="","",IF(EOMONTH(DATE(2026,MATCH("Januar",{"Januar","Februar","März","April","Mai","Juni","Juli","August","September","Oktober","November","Dezember"},0),1),0)<=TODAY()-Steuerung!$C$27,"R","F")) -> R
L53: Feb 26 | M53: =IF(OR(Steuerung!$B$8="",NOT(OR($E$4="Alle",$E$4="2026"))),"",SUMIFS('Leads Rohdaten'!$D$4:$D$503,'Leads Rohdaten'!$C$4:$C$503,Steuerung!$B$8,'Leads Rohdaten'!$A$4:$A$503,2026,'Leads Rohdaten'!$B$4:$B$503,"Februar")) | N53: =IF(OR(Steuerung!$B$8="",NOT(OR($E$4="Alle",$E$4="2026"))),"",SUMIFS('Leads Rohdaten'!$E$4:$E$503,'Leads Rohdaten'!$C$4:$C$503,Steuerung!$B$8,'Leads Rohdaten'!$A$4:$A$503,2026,'Leads Rohdaten'!$B$4:$B$503,"Februar")) | O53: =IF(OR(M53="",M53=0),"–",N53/M53) -> – | P53: =IF(Steuerung!$B$8="","",IF(EOMONTH(DATE(2026,MATCH("Februar",{"Januar","Februar","März","April","Mai","Juni","Juli","August","September","Oktober","November","Dezember"},0),1),0)<=TODAY()-Steuerung!$C$27,"R","F")) -> R
L54: Mär 26 | M54: =IF(OR(Steuerung!$B$8="",NOT(OR($E$4="Alle",$E$4="2026"))),"",SUMIFS('Leads Rohdaten'!$D$4:$D$503,'Leads Rohdaten'!$C$4:$C$503,Steuerung!$B$8,'Leads Rohdaten'!$A$4:$A$503,2026,'Leads Rohdaten'!$B$4:$B$503,"März")) | N54: =IF(OR(Steuerung!$B$8="",NOT(OR($E$4="Alle",$E$4="2026"))),"",SUMIFS('Leads Rohdaten'!$E$4:$E$503,'Leads Rohdaten'!$C$4:$C$503,Steuerung!$B$8,'Leads Rohdaten'!$A$4:$A$503,2026,'Leads Rohdaten'!$B$4:$B$503,"März")) | O54: =IF(OR(M54="",M54=0),"–",N54/M54) -> – | P54: =IF(Steuerung!$B$8="","",IF(EOMONTH(DATE(2026,MATCH("März",{"Januar","Februar","März","April","Mai","Juni","Juli","August","September","Oktober","November","Dezember"},0),1),0)<=TODAY()-Steuerung!$C$27,"R","F")) -> R
L55: Apr 26 | M55: =IF(OR(Steuerung!$B$8="",NOT(OR($E$4="Alle",$E$4="2026"))),"",SUMIFS('Leads Rohdaten'!$D$4:$D$503,'Leads Rohdaten'!$C$4:$C$503,Steuerung!$B$8,'Leads Rohdaten'!$A$4:$A$503,2026,'Leads Rohdaten'!$B$4:$B$503,"April")) | N55: =IF(OR(Steuerung!$B$8="",NOT(OR($E$4="Alle",$E$4="2026"))),"",SUMIFS('Leads Rohdaten'!$E$4:$E$503,'Leads Rohdaten'!$C$4:$C$503,Steuerung!$B$8,'Leads Rohdaten'!$A$4:$A$503,2026,'Leads Rohdaten'!$B$4:$B$503,"April")) | O55: =IF(OR(M55="",M55=0),"–",N55/M55) -> – | P55: =IF(Steuerung!$B$8="","",IF(EOMONTH(DATE(2026,MATCH("April",{"Januar","Februar","März","April","Mai","Juni","Juli","August","September","Oktober","November","Dezember"},0),1),0)<=TODAY()-Steuerung!$C$27,"R","F")) -> F
L56: Mai 26 | M56: =IF(OR(Steuerung!$B$8="",NOT(OR($E$4="Alle",$E$4="2026"))),"",SUMIFS('Leads Rohdaten'!$D$4:$D$503,'Leads Rohdaten'!$C$4:$C$503,Steuerung!$B$8,'Leads Rohdaten'!$A$4:$A$503,2026,'Leads Rohdaten'!$B$4:$B$503,"Mai")) | N56: =IF(OR(Steuerung!$B$8="",NOT(OR($E$4="Alle",$E$4="2026"))),"",SUMIFS('Leads Rohdaten'!$E$4:$E$503,'Leads Rohdaten'!$C$4:$C$503,Steuerung!$B$8,'Leads Rohdaten'!$A$4:$A$503,2026,'Leads Rohdaten'!$B$4:$B$503,"Mai")) | O56: =IF(OR(M56="",M56=0),"–",N56/M56) -> – | P56: =IF(Steuerung!$B$8="","",IF(EOMONTH(DATE(2026,MATCH("Mai",{"Januar","Februar","März","April","Mai","Juni","Juli","August","September","Oktober","November","Dezember"},0),1),0)<=TODAY()-Steuerung!$C$27,"R","F")) -> F
L57: Jun 26 | M57: =IF(OR(Steuerung!$B$8="",NOT(OR($E$4="Alle",$E$4="2026"))),"",SUMIFS('Leads Rohdaten'!$D$4:$D$503,'Leads Rohdaten'!$C$4:$C$503,Steuerung!$B$8,'Leads Rohdaten'!$A$4:$A$503,2026,'Leads Rohdaten'!$B$4:$B$503,"Juni")) | N57: =IF(OR(Steuerung!$B$8="",NOT(OR($E$4="Alle",$E$4="2026"))),"",SUMIFS('Leads Rohdaten'!$E$4:$E$503,'Leads Rohdaten'!$C$4:$C$503,Steuerung!$B$8,'Leads Rohdaten'!$A$4:$A$503,2026,'Leads Rohdaten'!$B$4:$B$503,"Juni")) | O57: =IF(OR(M57="",M57=0),"–",N57/M57) -> – | P57: =IF(Steuerung!$B$8="","",IF(EOMONTH(DATE(2026,MATCH("Juni",{"Januar","Februar","März","April","Mai","Juni","Juli","August","September","Oktober","November","Dezember"},0),1),0)<=TODAY()-Steuerung!$C$27,"R","F")) -> F
L59: =IF(Steuerung!B9=""," (leerer Slot)"," "&Steuerung!C9) -> David
L60: Okt 25 | M60: =IF(OR(Steuerung!$B$9="",NOT(OR($E$4="Alle",$E$4="2025"))),"",SUMIFS('Leads Rohdaten'!$D$4:$D$503,'Leads Rohdaten'!$C$4:$C$503,Steuerung!$B$9,'Leads Rohdaten'!$A$4:$A$503,2025,'Leads Rohdaten'!$B$4:$B$503,"Oktober")) | N60: =IF(OR(Steuerung!$B$9="",NOT(OR($E$4="Alle",$E$4="2025"))),"",SUMIFS('Leads Rohdaten'!$E$4:$E$503,'Leads Rohdaten'!$C$4:$C$503,Steuerung!$B$9,'Leads Rohdaten'!$A$4:$A$503,2025,'Leads Rohdaten'!$B$4:$B$503,"Oktober")) | O60: =IF(OR(M60="",M60=0),"–",N60/M60) -> – | P60: =IF(Steuerung!$B$9="","",IF(EOMONTH(DATE(2025,MATCH("Oktober",{"Januar","Februar","März","April","Mai","Juni","Juli","August","September","Oktober","November","Dezember"},0),1),0)<=TODAY()-Steuerung!$C$27,"R","F")) -> R
L61: Nov 25 | M61: =IF(OR(Steuerung!$B$9="",NOT(OR($E$4="Alle",$E$4="2025"))),"",SUMIFS('Leads Rohdaten'!$D$4:$D$503,'Leads Rohdaten'!$C$4:$C$503,Steuerung!$B$9,'Leads Rohdaten'!$A$4:$A$503,2025,'Leads Rohdaten'!$B$4:$B$503,"November")) | N61: =IF(OR(Steuerung!$B$9="",NOT(OR($E$4="Alle",$E$4="2025"))),"",SUMIFS('Leads Rohdaten'!$E$4:$E$503,'Leads Rohdaten'!$C$4:$C$503,Steuerung!$B$9,'Leads Rohdaten'!$A$4:$A$503,2025,'Leads Rohdaten'!$B$4:$B$503,"November")) | O61: =IF(OR(M61="",M61=0),"–",N61/M61) -> – | P61: =IF(Steuerung!$B$9="","",IF(EOMONTH(DATE(2025,MATCH("November",{"Januar","Februar","März","April","Mai","Juni","Juli","August","September","Oktober","November","Dezember"},0),1),0)<=TODAY()-Steuerung!$C$27,"R","F")) -> R
L62: Dez 25 | M62: =IF(OR(Steuerung!$B$9="",NOT(OR($E$4="Alle",$E$4="2025"))),"",SUMIFS('Leads Rohdaten'!$D$4:$D$503,'Leads Rohdaten'!$C$4:$C$503,Steuerung!$B$9,'Leads Rohdaten'!$A$4:$A$503,2025,'Leads Rohdaten'!$B$4:$B$503,"Dezember")) | N62: =IF(OR(Steuerung!$B$9="",NOT(OR($E$4="Alle",$E$4="2025"))),"",SUMIFS('Leads Rohdaten'!$E$4:$E$503,'Leads Rohdaten'!$C$4:$C$503,Steuerung!$B$9,'Leads Rohdaten'!$A$4:$A$503,2025,'Leads Rohdaten'!$B$4:$B$503,"Dezember")) | O62: =IF(OR(M62="",M62=0),"–",N62/M62) -> – | P62: =IF(Steuerung!$B$9="","",IF(EOMONTH(DATE(2025,MATCH("Dezember",{"Januar","Februar","März","April","Mai","Juni","Juli","August","September","Oktober","November","Dezember"},0),1),0)<=TODAY()-Steuerung!$C$27,"R","F")) -> R
L63: Jan 26 | M63: =IF(OR(Steuerung!$B$9="",NOT(OR($E$4="Alle",$E$4="2026"))),"",SUMIFS('Leads Rohdaten'!$D$4:$D$503,'Leads Rohdaten'!$C$4:$C$503,Steuerung!$B$9,'Leads Rohdaten'!$A$4:$A$503,2026,'Leads Rohdaten'!$B$4:$B$503,"Januar")) | N63: =IF(OR(Steuerung!$B$9="",NOT(OR($E$4="Alle",$E$4="2026"))),"",SUMIFS('Leads Rohdaten'!$E$4:$E$503,'Leads Rohdaten'!$C$4:$C$503,Steuerung!$B$9,'Leads Rohdaten'!$A$4:$A$503,2026,'Leads Rohdaten'!$B$4:$B$503,"Januar")) | O63: =IF(OR(M63="",M63=0),"–",N63/M63) -> – | P63: =IF(Steuerung!$B$9="","",IF(EOMONTH(DATE(2026,MATCH("Januar",{"Januar","Februar","März","April","Mai","Juni","Juli","August","September","Oktober","November","Dezember"},0),1),0)<=TODAY()-Steuerung!$C$27,"R","F")) -> R
L64: Feb 26 | M64: =IF(OR(Steuerung!$B$9="",NOT(OR($E$4="Alle",$E$4="2026"))),"",SUMIFS('Leads Rohdaten'!$D$4:$D$503,'Leads Rohdaten'!$C$4:$C$503,Steuerung!$B$9,'Leads Rohdaten'!$A$4:$A$503,2026,'Leads Rohdaten'!$B$4:$B$503,"Februar")) | N64: =IF(OR(Steuerung!$B$9="",NOT(OR($E$4="Alle",$E$4="2026"))),"",SUMIFS('Leads Rohdaten'!$E$4:$E$503,'Leads Rohdaten'!$C$4:$C$503,Steuerung!$B$9,'Leads Rohdaten'!$A$4:$A$503,2026,'Leads Rohdaten'!$B$4:$B$503,"Februar")) | O64: =IF(OR(M64="",M64=0),"–",N64/M64) -> – | P64: =IF(Steuerung!$B$9="","",IF(EOMONTH(DATE(2026,MATCH("Februar",{"Januar","Februar","März","April","Mai","Juni","Juli","August","September","Oktober","November","Dezember"},0),1),0)<=TODAY()-Steuerung!$C$27,"R","F")) -> R
L65: Mär 26 | M65: =IF(OR(Steuerung!$B$9="",NOT(OR($E$4="Alle",$E$4="2026"))),"",SUMIFS('Leads Rohdaten'!$D$4:$D$503,'Leads Rohdaten'!$C$4:$C$503,Steuerung!$B$9,'Leads Rohdaten'!$A$4:$A$503,2026,'Leads Rohdaten'!$B$4:$B$503,"März")) | N65: =IF(OR(Steuerung!$B$9="",NOT(OR($E$4="Alle",$E$4="2026"))),"",SUMIFS('Leads Rohdaten'!$E$4:$E$503,'Leads Rohdaten'!$C$4:$C$503,Steuerung!$B$9,'Leads Rohdaten'!$A$4:$A$503,2026,'Leads Rohdaten'!$B$4:$B$503,"März")) | O65: =IF(OR(M65="",M65=0),"–",N65/M65) -> – | P65: =IF(Steuerung!$B$9="","",IF(EOMONTH(DATE(2026,MATCH("März",{"Januar","Februar","März","April","Mai","Juni","Juli","August","September","Oktober","November","Dezember"},0),1),0)<=TODAY()-Steuerung!$C$27,"R","F")) -> R
L66: Apr 26 | M66: =IF(OR(Steuerung!$B$9="",NOT(OR($E$4="Alle",$E$4="2026"))),"",SUMIFS('Leads Rohdaten'!$D$4:$D$503,'Leads Rohdaten'!$C$4:$C$503,Steuerung!$B$9,'Leads Rohdaten'!$A$4:$A$503,2026,'Leads Rohdaten'!$B$4:$B$503,"April")) | N66: =IF(OR(Steuerung!$B$9="",NOT(OR($E$4="Alle",$E$4="2026"))),"",SUMIFS('Leads Rohdaten'!$E$4:$E$503,'Leads Rohdaten'!$C$4:$C$503,Steuerung!$B$9,'Leads Rohdaten'!$A$4:$A$503,2026,'Leads Rohdaten'!$B$4:$B$503,"April")) | O66: =IF(OR(M66="",M66=0),"–",N66/M66) -> – | P66: =IF(Steuerung!$B$9="","",IF(EOMONTH(DATE(2026,MATCH("April",{"Januar","Februar","März","April","Mai","Juni","Juli","August","September","Oktober","November","Dezember"},0),1),0)<=TODAY()-Steuerung!$C$27,"R","F")) -> F
L67: Mai 26 | M67: =IF(OR(Steuerung!$B$9="",NOT(OR($E$4="Alle",$E$4="2026"))),"",SUMIFS('Leads Rohdaten'!$D$4:$D$503,'Leads Rohdaten'!$C$4:$C$503,Steuerung!$B$9,'Leads Rohdaten'!$A$4:$A$503,2026,'Leads Rohdaten'!$B$4:$B$503,"Mai")) | N67: =IF(OR(Steuerung!$B$9="",NOT(OR($E$4="Alle",$E$4="2026"))),"",SUMIFS('Leads Rohdaten'!$E$4:$E$503,'Leads Rohdaten'!$C$4:$C$503,Steuerung!$B$9,'Leads Rohdaten'!$A$4:$A$503,2026,'Leads Rohdaten'!$B$4:$B$503,"Mai")) | O67: =IF(OR(M67="",M67=0),"–",N67/M67) -> – | P67: =IF(Steuerung!$B$9="","",IF(EOMONTH(DATE(2026,MATCH("Mai",{"Januar","Februar","März","April","Mai","Juni","Juli","August","September","Oktober","November","Dezember"},0),1),0)<=TODAY()-Steuerung!$C$27,"R","F")) -> F
L68: Jun 26 | M68: =IF(OR(Steuerung!$B$9="",NOT(OR($E$4="Alle",$E$4="2026"))),"",SUMIFS('Leads Rohdaten'!$D$4:$D$503,'Leads Rohdaten'!$C$4:$C$503,Steuerung!$B$9,'Leads Rohdaten'!$A$4:$A$503,2026,'Leads Rohdaten'!$B$4:$B$503,"Juni")) | N68: =IF(OR(Steuerung!$B$9="",NOT(OR($E$4="Alle",$E$4="2026"))),"",SUMIFS('Leads Rohdaten'!$E$4:$E$503,'Leads Rohdaten'!$C$4:$C$503,Steuerung!$B$9,'Leads Rohdaten'!$A$4:$A$503,2026,'Leads Rohdaten'!$B$4:$B$503,"Juni")) | O68: =IF(OR(M68="",M68=0),"–",N68/M68) -> – | P68: =IF(Steuerung!$B$9="","",IF(EOMONTH(DATE(2026,MATCH("Juni",{"Januar","Februar","März","April","Mai","Juni","Juli","August","September","Oktober","November","Dezember"},0),1),0)<=TODAY()-Steuerung!$C$27,"R","F")) -> F
L70: =IF(Steuerung!B10=""," (leerer Slot)"," "&Steuerung!C10) -> (leerer Slot)
L71: Okt 25 | M71: =IF(OR(Steuerung!$B$10="",NOT(OR($E$4="Alle",$E$4="2025"))),"",SUMIFS('Leads Rohdaten'!$D$4:$D$503,'Leads Rohdaten'!$C$4:$C$503,Steuerung!$B$10,'Leads Rohdaten'!$A$4:$A$503,2025,'Leads Rohdaten'!$B$4:$B$503,"Oktober")) | N71: =IF(OR(Steuerung!$B$10="",NOT(OR($E$4="Alle",$E$4="2025"))),"",SUMIFS('Leads Rohdaten'!$E$4:$E$503,'Leads Rohdaten'!$C$4:$C$503,Steuerung!$B$10,'Leads Rohdaten'!$A$4:$A$503,2025,'Leads Rohdaten'!$B$4:$B$503,"Oktober")) | O71: =IF(OR(M71="",M71=0),"–",N71/M71) -> – | P71: =IF(Steuerung!$B$10="","",IF(EOMONTH(DATE(2025,MATCH("Oktober",{"Januar","Februar","März","April","Mai","Juni","Juli","August","September","Oktober","November","Dezember"},0),1),0)<=TODAY()-Steuerung!$C$27,"R","F"))
L72: Nov 25 | M72: =IF(OR(Steuerung!$B$10="",NOT(OR($E$4="Alle",$E$4="2025"))),"",SUMIFS('Leads Rohdaten'!$D$4:$D$503,'Leads Rohdaten'!$C$4:$C$503,Steuerung!$B$10,'Leads Rohdaten'!$A$4:$A$503,2025,'Leads Rohdaten'!$B$4:$B$503,"November")) | N72: =IF(OR(Steuerung!$B$10="",NOT(OR($E$4="Alle",$E$4="2025"))),"",SUMIFS('Leads Rohdaten'!$E$4:$E$503,'Leads Rohdaten'!$C$4:$C$503,Steuerung!$B$10,'Leads Rohdaten'!$A$4:$A$503,2025,'Leads Rohdaten'!$B$4:$B$503,"November")) | O72: =IF(OR(M72="",M72=0),"–",N72/M72) -> – | P72: =IF(Steuerung!$B$10="","",IF(EOMONTH(DATE(2025,MATCH("November",{"Januar","Februar","März","April","Mai","Juni","Juli","August","September","Oktober","November","Dezember"},0),1),0)<=TODAY()-Steuerung!$C$27,"R","F"))
L73: Dez 25 | M73: =IF(OR(Steuerung!$B$10="",NOT(OR($E$4="Alle",$E$4="2025"))),"",SUMIFS('Leads Rohdaten'!$D$4:$D$503,'Leads Rohdaten'!$C$4:$C$503,Steuerung!$B$10,'Leads Rohdaten'!$A$4:$A$503,2025,'Leads Rohdaten'!$B$4:$B$503,"Dezember")) | N73: =IF(OR(Steuerung!$B$10="",NOT(OR($E$4="Alle",$E$4="2025"))),"",SUMIFS('Leads Rohdaten'!$E$4:$E$503,'Leads Rohdaten'!$C$4:$C$503,Steuerung!$B$10,'Leads Rohdaten'!$A$4:$A$503,2025,'Leads Rohdaten'!$B$4:$B$503,"Dezember")) | O73: =IF(OR(M73="",M73=0),"–",N73/M73) -> – | P73: =IF(Steuerung!$B$10="","",IF(EOMONTH(DATE(2025,MATCH("Dezember",{"Januar","Februar","März","April","Mai","Juni","Juli","August","September","Oktober","November","Dezember"},0),1),0)<=TODAY()-Steuerung!$C$27,"R","F"))
L74: Jan 26 | M74: =IF(OR(Steuerung!$B$10="",NOT(OR($E$4="Alle",$E$4="2026"))),"",SUMIFS('Leads Rohdaten'!$D$4:$D$503,'Leads Rohdaten'!$C$4:$C$503,Steuerung!$B$10,'Leads Rohdaten'!$A$4:$A$503,2026,'Leads Rohdaten'!$B$4:$B$503,"Januar")) | N74: =IF(OR(Steuerung!$B$10="",NOT(OR($E$4="Alle",$E$4="2026"))),"",SUMIFS('Leads Rohdaten'!$E$4:$E$503,'Leads Rohdaten'!$C$4:$C$503,Steuerung!$B$10,'Leads Rohdaten'!$A$4:$A$503,2026,'Leads Rohdaten'!$B$4:$B$503,"Januar")) | O74: =IF(OR(M74="",M74=0),"–",N74/M74) -> – | P74: =IF(Steuerung!$B$10="","",IF(EOMONTH(DATE(2026,MATCH("Januar",{"Januar","Februar","März","April","Mai","Juni","Juli","August","September","Oktober","November","Dezember"},0),1),0)<=TODAY()-Steuerung!$C$27,"R","F"))
L75: Feb 26 | M75: =IF(OR(Steuerung!$B$10="",NOT(OR($E$4="Alle",$E$4="2026"))),"",SUMIFS('Leads Rohdaten'!$D$4:$D$503,'Leads Rohdaten'!$C$4:$C$503,Steuerung!$B$10,'Leads Rohdaten'!$A$4:$A$503,2026,'Leads Rohdaten'!$B$4:$B$503,"Februar")) | N75: =IF(OR(Steuerung!$B$10="",NOT(OR($E$4="Alle",$E$4="2026"))),"",SUMIFS('Leads Rohdaten'!$E$4:$E$503,'Leads Rohdaten'!$C$4:$C$503,Steuerung!$B$10,'Leads Rohdaten'!$A$4:$A$503,2026,'Leads Rohdaten'!$B$4:$B$503,"Februar")) | O75: =IF(OR(M75="",M75=0),"–",N75/M75) -> – | P75: =IF(Steuerung!$B$10="","",IF(EOMONTH(DATE(2026,MATCH("Februar",{"Januar","Februar","März","April","Mai","Juni","Juli","August","September","Oktober","November","Dezember"},0),1),0)<=TODAY()-Steuerung!$C$27,"R","F"))
L76: Mär 26 | M76: =IF(OR(Steuerung!$B$10="",NOT(OR($E$4="Alle",$E$4="2026"))),"",SUMIFS('Leads Rohdaten'!$D$4:$D$503,'Leads Rohdaten'!$C$4:$C$503,Steuerung!$B$10,'Leads Rohdaten'!$A$4:$A$503,2026,'Leads Rohdaten'!$B$4:$B$503,"März")) | N76: =IF(OR(Steuerung!$B$10="",NOT(OR($E$4="Alle",$E$4="2026"))),"",SUMIFS('Leads Rohdaten'!$E$4:$E$503,'Leads Rohdaten'!$C$4:$C$503,Steuerung!$B$10,'Leads Rohdaten'!$A$4:$A$503,2026,'Leads Rohdaten'!$B$4:$B$503,"März")) | O76: =IF(OR(M76="",M76=0),"–",N76/M76) -> – | P76: =IF(Steuerung!$B$10="","",IF(EOMONTH(DATE(2026,MATCH("März",{"Januar","Februar","März","April","Mai","Juni","Juli","August","September","Oktober","November","Dezember"},0),1),0)<=TODAY()-Steuerung!$C$27,"R","F"))
L77: Apr 26 | M77: =IF(OR(Steuerung!$B$10="",NOT(OR($E$4="Alle",$E$4="2026"))),"",SUMIFS('Leads Rohdaten'!$D$4:$D$503,'Leads Rohdaten'!$C$4:$C$503,Steuerung!$B$10,'Leads Rohdaten'!$A$4:$A$503,2026,'Leads Rohdaten'!$B$4:$B$503,"April")) | N77: =IF(OR(Steuerung!$B$10="",NOT(OR($E$4="Alle",$E$4="2026"))),"",SUMIFS('Leads Rohdaten'!$E$4:$E$503,'Leads Rohdaten'!$C$4:$C$503,Steuerung!$B$10,'Leads Rohdaten'!$A$4:$A$503,2026,'Leads Rohdaten'!$B$4:$B$503,"April")) | O77: =IF(OR(M77="",M77=0),"–",N77/M77) -> – | P77: =IF(Steuerung!$B$10="","",IF(EOMONTH(DATE(2026,MATCH("April",{"Januar","Februar","März","April","Mai","Juni","Juli","August","September","Oktober","November","Dezember"},0),1),0)<=TODAY()-Steuerung!$C$27,"R","F"))
L78: Mai 26 | M78: =IF(OR(Steuerung!$B$10="",NOT(OR($E$4="Alle",$E$4="2026"))),"",SUMIFS('Leads Rohdaten'!$D$4:$D$503,'Leads Rohdaten'!$C$4:$C$503,Steuerung!$B$10,'Leads Rohdaten'!$A$4:$A$503,2026,'Leads Rohdaten'!$B$4:$B$503,"Mai")) | N78: =IF(OR(Steuerung!$B$10="",NOT(OR($E$4="Alle",$E$4="2026"))),"",SUMIFS('Leads Rohdaten'!$E$4:$E$503,'Leads Rohdaten'!$C$4:$C$503,Steuerung!$B$10,'Leads Rohdaten'!$A$4:$A$503,2026,'Leads Rohdaten'!$B$4:$B$503,"Mai")) | O78: =IF(OR(M78="",M78=0),"–",N78/M78) -> – | P78: =IF(Steuerung!$B$10="","",IF(EOMONTH(DATE(2026,MATCH("Mai",{"Januar","Februar","März","April","Mai","Juni","Juli","August","September","Oktober","November","Dezember"},0),1),0)<=TODAY()-Steuerung!$C$27,"R","F"))
L79: Jun 26 | M79: =IF(OR(Steuerung!$B$10="",NOT(OR($E$4="Alle",$E$4="2026"))),"",SUMIFS('Leads Rohdaten'!$D$4:$D$503,'Leads Rohdaten'!$C$4:$C$503,Steuerung!$B$10,'Leads Rohdaten'!$A$4:$A$503,2026,'Leads Rohdaten'!$B$4:$B$503,"Juni")) | N79: =IF(OR(Steuerung!$B$10="",NOT(OR($E$4="Alle",$E$4="2026"))),"",SUMIFS('Leads Rohdaten'!$E$4:$E$503,'Leads Rohdaten'!$C$4:$C$503,Steuerung!$B$10,'Leads Rohdaten'!$A$4:$A$503,2026,'Leads Rohdaten'!$B$4:$B$503,"Juni")) | O79: =IF(OR(M79="",M79=0),"–",N79/M79) -> – | P79: =IF(Steuerung!$B$10="","",IF(EOMONTH(DATE(2026,MATCH("Juni",{"Januar","Februar","März","April","Mai","Juni","Juli","August","September","Oktober","November","Dezember"},0),1),0)<=TODAY()-Steuerung!$C$27,"R","F"))
L81: =IF(Steuerung!B11=""," (leerer Slot)"," "&Steuerung!C11) -> (leerer Slot)
L82: Okt 25 | M82: =IF(OR(Steuerung!$B$11="",NOT(OR($E$4="Alle",$E$4="2025"))),"",SUMIFS('Leads Rohdaten'!$D$4:$D$503,'Leads Rohdaten'!$C$4:$C$503,Steuerung!$B$11,'Leads Rohdaten'!$A$4:$A$503,2025,'Leads Rohdaten'!$B$4:$B$503,"Oktober")) | N82: =IF(OR(Steuerung!$B$11="",NOT(OR($E$4="Alle",$E$4="2025"))),"",SUMIFS('Leads Rohdaten'!$E$4:$E$503,'Leads Rohdaten'!$C$4:$C$503,Steuerung!$B$11,'Leads Rohdaten'!$A$4:$A$503,2025,'Leads Rohdaten'!$B$4:$B$503,"Oktober")) | O82: =IF(OR(M82="",M82=0),"–",N82/M82) -> – | P82: =IF(Steuerung!$B$11="","",IF(EOMONTH(DATE(2025,MATCH("Oktober",{"Januar","Februar","März","April","Mai","Juni","Juli","August","September","Oktober","November","Dezember"},0),1),0)<=TODAY()-Steuerung!$C$27,"R","F"))
L83: Nov 25 | M83: =IF(OR(Steuerung!$B$11="",NOT(OR($E$4="Alle",$E$4="2025"))),"",SUMIFS('Leads Rohdaten'!$D$4:$D$503,'Leads Rohdaten'!$C$4:$C$503,Steuerung!$B$11,'Leads Rohdaten'!$A$4:$A$503,2025,'Leads Rohdaten'!$B$4:$B$503,"November")) | N83: =IF(OR(Steuerung!$B$11="",NOT(OR($E$4="Alle",$E$4="2025"))),"",SUMIFS('Leads Rohdaten'!$E$4:$E$503,'Leads Rohdaten'!$C$4:$C$503,Steuerung!$B$11,'Leads Rohdaten'!$A$4:$A$503,2025,'Leads Rohdaten'!$B$4:$B$503,"November")) | O83: =IF(OR(M83="",M83=0),"–",N83/M83) -> – | P83: =IF(Steuerung!$B$11="","",IF(EOMONTH(DATE(2025,MATCH("November",{"Januar","Februar","März","April","Mai","Juni","Juli","August","September","Oktober","November","Dezember"},0),1),0)<=TODAY()-Steuerung!$C$27,"R","F"))
L84: Dez 25 | M84: =IF(OR(Steuerung!$B$11="",NOT(OR($E$4="Alle",$E$4="2025"))),"",SUMIFS('Leads Rohdaten'!$D$4:$D$503,'Leads Rohdaten'!$C$4:$C$503,Steuerung!$B$11,'Leads Rohdaten'!$A$4:$A$503,2025,'Leads Rohdaten'!$B$4:$B$503,"Dezember")) | N84: =IF(OR(Steuerung!$B$11="",NOT(OR($E$4="Alle",$E$4="2025"))),"",SUMIFS('Leads Rohdaten'!$E$4:$E$503,'Leads Rohdaten'!$C$4:$C$503,Steuerung!$B$11,'Leads Rohdaten'!$A$4:$A$503,2025,'Leads Rohdaten'!$B$4:$B$503,"Dezember")) | O84: =IF(OR(M84="",M84=0),"–",N84/M84) -> – | P84: =IF(Steuerung!$B$11="","",IF(EOMONTH(DATE(2025,MATCH("Dezember",{"Januar","Februar","März","April","Mai","Juni","Juli","August","September","Oktober","November","Dezember"},0),1),0)<=TODAY()-Steuerung!$C$27,"R","F"))
L85: Jan 26 | M85: =IF(OR(Steuerung!$B$11="",NOT(OR($E$4="Alle",$E$4="2026"))),"",SUMIFS('Leads Rohdaten'!$D$4:$D$503,'Leads Rohdaten'!$C$4:$C$503,Steuerung!$B$11,'Leads Rohdaten'!$A$4:$A$503,2026,'Leads Rohdaten'!$B$4:$B$503,"Januar")) | N85: =IF(OR(Steuerung!$B$11="",NOT(OR($E$4="Alle",$E$4="2026"))),"",SUMIFS('Leads Rohdaten'!$E$4:$E$503,'Leads Rohdaten'!$C$4:$C$503,Steuerung!$B$11,'Leads Rohdaten'!$A$4:$A$503,2026,'Leads Rohdaten'!$B$4:$B$503,"Januar")) | O85: =IF(OR(M85="",M85=0),"–",N85/M85) -> – | P85: =IF(Steuerung!$B$11="","",IF(EOMONTH(DATE(2026,MATCH("Januar",{"Januar","Februar","März","April","Mai","Juni","Juli","August","September","Oktober","November","Dezember"},0),1),0)<=TODAY()-Steuerung!$C$27,"R","F"))
L86: Feb 26 | M86: =IF(OR(Steuerung!$B$11="",NOT(OR($E$4="Alle",$E$4="2026"))),"",SUMIFS('Leads Rohdaten'!$D$4:$D$503,'Leads Rohdaten'!$C$4:$C$503,Steuerung!$B$11,'Leads Rohdaten'!$A$4:$A$503,2026,'Leads Rohdaten'!$B$4:$B$503,"Februar")) | N86: =IF(OR(Steuerung!$B$11="",NOT(OR($E$4="Alle",$E$4="2026"))),"",SUMIFS('Leads Rohdaten'!$E$4:$E$503,'Leads Rohdaten'!$C$4:$C$503,Steuerung!$B$11,'Leads Rohdaten'!$A$4:$A$503,2026,'Leads Rohdaten'!$B$4:$B$503,"Februar")) | O86: =IF(OR(M86="",M86=0),"–",N86/M86) -> – | P86: =IF(Steuerung!$B$11="","",IF(EOMONTH(DATE(2026,MATCH("Februar",{"Januar","Februar","März","April","Mai","Juni","Juli","August","September","Oktober","November","Dezember"},0),1),0)<=TODAY()-Steuerung!$C$27,"R","F"))
L87: Mär 26 | M87: =IF(OR(Steuerung!$B$11="",NOT(OR($E$4="Alle",$E$4="2026"))),"",SUMIFS('Leads Rohdaten'!$D$4:$D$503,'Leads Rohdaten'!$C$4:$C$503,Steuerung!$B$11,'Leads Rohdaten'!$A$4:$A$503,2026,'Leads Rohdaten'!$B$4:$B$503,"März")) | N87: =IF(OR(Steuerung!$B$11="",NOT(OR($E$4="Alle",$E$4="2026"))),"",SUMIFS('Leads Rohdaten'!$E$4:$E$503,'Leads Rohdaten'!$C$4:$C$503,Steuerung!$B$11,'Leads Rohdaten'!$A$4:$A$503,2026,'Leads Rohdaten'!$B$4:$B$503,"März")) | O87: =IF(OR(M87="",M87=0),"–",N87/M87) -> – | P87: =IF(Steuerung!$B$11="","",IF(EOMONTH(DATE(2026,MATCH("März",{"Januar","Februar","März","April","Mai","Juni","Juli","August","September","Oktober","November","Dezember"},0),1),0)<=TODAY()-Steuerung!$C$27,"R","F"))
L88: Apr 26 | M88: =IF(OR(Steuerung!$B$11="",NOT(OR($E$4="Alle",$E$4="2026"))),"",SUMIFS('Leads Rohdaten'!$D$4:$D$503,'Leads Rohdaten'!$C$4:$C$503,Steuerung!$B$11,'Leads Rohdaten'!$A$4:$A$503,2026,'Leads Rohdaten'!$B$4:$B$503,"April")) | N88: =IF(OR(Steuerung!$B$11="",NOT(OR($E$4="Alle",$E$4="2026"))),"",SUMIFS('Leads Rohdaten'!$E$4:$E$503,'Leads Rohdaten'!$C$4:$C$503,Steuerung!$B$11,'Leads Rohdaten'!$A$4:$A$503,2026,'Leads Rohdaten'!$B$4:$B$503,"April")) | O88: =IF(OR(M88="",M88=0),"–",N88/M88) -> – | P88: =IF(Steuerung!$B$11="","",IF(EOMONTH(DATE(2026,MATCH("April",{"Januar","Februar","März","April","Mai","Juni","Juli","August","September","Oktober","November","Dezember"},0),1),0)<=TODAY()-Steuerung!$C$27,"R","F"))
L89: Mai 26 | M89: =IF(OR(Steuerung!$B$11="",NOT(OR($E$4="Alle",$E$4="2026"))),"",SUMIFS('Leads Rohdaten'!$D$4:$D$503,'Leads Rohdaten'!$C$4:$C$503,Steuerung!$B$11,'Leads Rohdaten'!$A$4:$A$503,2026,'Leads Rohdaten'!$B$4:$B$503,"Mai")) | N89: =IF(OR(Steuerung!$B$11="",NOT(OR($E$4="Alle",$E$4="2026"))),"",SUMIFS('Leads Rohdaten'!$E$4:$E$503,'Leads Rohdaten'!$C$4:$C$503,Steuerung!$B$11,'Leads Rohdaten'!$A$4:$A$503,2026,'Leads Rohdaten'!$B$4:$B$503,"Mai")) | O89: =IF(OR(M89="",M89=0),"–",N89/M89) -> – | P89: =IF(Steuerung!$B$11="","",IF(EOMONTH(DATE(2026,MATCH("Mai",{"Januar","Februar","März","April","Mai","Juni","Juli","August","September","Oktober","November","Dezember"},0),1),0)<=TODAY()-Steuerung!$C$27,"R","F"))
L90: Jun 26 | M90: =IF(OR(Steuerung!$B$11="",NOT(OR($E$4="Alle",$E$4="2026"))),"",SUMIFS('Leads Rohdaten'!$D$4:$D$503,'Leads Rohdaten'!$C$4:$C$503,Steuerung!$B$11,'Leads Rohdaten'!$A$4:$A$503,2026,'Leads Rohdaten'!$B$4:$B$503,"Juni")) | N90: =IF(OR(Steuerung!$B$11="",NOT(OR($E$4="Alle",$E$4="2026"))),"",SUMIFS('Leads Rohdaten'!$E$4:$E$503,'Leads Rohdaten'!$C$4:$C$503,Steuerung!$B$11,'Leads Rohdaten'!$A$4:$A$503,2026,'Leads Rohdaten'!$B$4:$B$503,"Juni")) | O90: =IF(OR(M90="",M90=0),"–",N90/M90) -> – | P90: =IF(Steuerung!$B$11="","",IF(EOMONTH(DATE(2026,MATCH("Juni",{"Januar","Februar","März","April","Mai","Juni","Juli","August","September","Oktober","November","Dezember"},0),1),0)<=TODAY()-Steuerung!$C$27,"R","F"))

Sheet Vertragseingänge
A3: KW | B3: Datum | C3: Jahr | D3: Monat | E3: Verkäufer | F3: Institution / Partner | G3: Produktart | H3: Quelle | I3: Kampagnen-Monat | J3: Status | K3: Bemerkung
A4: KW 2 | B4: 07.01.2026 | C4: 2026 | D4: Januar | E4: Gerd Henke | F4: Förderverein der FFW Alzey-Land | G4: Kühlanhänger | H4: Nicht erfasst | J4: Eingang
A5: KW 2 | B5: 07.01.2026 | C5: 2026 | D5: Januar | E5: Gerd Henke | F5: 1.FC Dautenbach 1958 e.V | G5: Torzähler mobil | H5: Nicht erfasst | J5: Eingang
A6: KW 2 | B6: 09.01.2026 | C6: 2026 | D6: Januar | E6: Fatima Eker | F6: Förderverein St. Florian Landau Arzheim e.V | G6: Kühlanhänger | H6: Kampagne | I6: Januar | J6: Eingang
A7: KW 3 | B7: 12.01.2026 | C7: 2026 | D7: Januar | E7: Gabriella Reske | F7: Freiwillige Feuerwehr Triftern e.V | G7: Kühlanhänger | H7: Nicht erfasst | J7: Eingang
A8: KW 4 | B8: 20.01.2026 | C8: 2026 | D8: Januar | E8: Gabriella Reske | F8: Narrenzunft Frommern e.V | G8: Kühlanhänger | H8: Nicht erfasst | J8: Eingang
A9: KW 4 | B9: 21.01.2026 | C9: 2026 | D9: Januar | E9: Heidi Steinbacher | F9: Freiwillige Feuerwehr der Stadt Wörgl | G9: Kühlanhänger | H9: Nicht erfasst | J9: Eingang
A10: KW 4 | B10: 23.01.2026 | C10: 2026 | D10: Januar | E10: Fatima Eker | F10: Freiwillige Feuerwehr Güglingen | G10: Kühlanhänger | H10: Facebook | J10: Eingang
A11: KW 4 | B11: 23.01.2026 | C11: 2026 | D11: Januar | E11: Fatima Eker | F11: TSV Germania Dühren | G11: Torzähler mobil | H11: Direkt | J11: Eingang
A12: KW 4 | B12: 23.01.2026 | C12: 2026 | D12: Januar | E12: Fatima Eker | F12: DRK Ortsverein Weingarten e.V | G12: Kühlanhänger | H12: Kampagne | I12: Januar | J12: Eingang
A13: KW 5 | B13: 26.01.2026 | C13: 2026 | D13: Januar | E13: Gerd Henke | F13: TSV Strümpfelbach 1912 e.V | G13: Torzähler mobil | H13: Nicht erfasst | J13: Eingang
A14: KW 5 | B14: 26.01.2026 | C14: 2026 | D14: Januar | E14: Gerd Henke | F14: FV Olympia Laupheim | G14: Torzähler mobil | H14: Nicht erfasst | J14: Eingang
A15: KW 5 | B15: 26.01.2026 | C15: 2026 | D15: Januar | E15: Fatima Eker | F15: Bavarian Scare Crew e.V | G15: Festivalanhänger | H15: Instagram | J15: Eingang
A16: KW 5 | B16: 26.01.2026 | C16: 2026 | D16: Januar | E16: Sara Cierpial | F16: Förderverein des Salzlandtheaters Straßfurt | G16: Fahrzeug | H16: Folgeprojekt | J16: Eingang
A17: KW 5 | B17: 26.01.2026 | C17: 2026 | D17: Januar | E17: Sara Cierpial | F17: Förderverein des Salzlandtheaters Straßfurt | G17: Defibrillator | H17: Folgeprojekt | J17: Eingang
A18: KW 5 | B18: 27.01.2026 | C18: 2026 | D18: Januar | E18: Fatima Eker | F18: SV Stern Britz 1889 e.V | G18: Fahrzeug | H18: Super Chat | J18: Eingang
A19: KW 5 | B19: 27.01.2026 | C19: 2026 | D19: Januar | E19: Fatima Eker | F19: SV Stern Britz 1889 e.V | G19: Eventanhänger | H19: Super Chat | J19: Eingang
A20: KW 5 | B20: 28.01.2026 | C20: 2026 | D20: Januar | E20: Gabriella Reske | F20: Freiwillige Feuerwehr Wetzendorf | G20: Kühlanhänger | H20: Nicht erfasst | J20: Eingang
A21: KW 5 | B21: 28.01.2026 | C21: 2026 | D21: Januar | E21: Sara Cierpial | F21: Kulturbetrieb der Stadt Plauen | G21: Fahrzeug | H21: Nicht erfasst | J21: Eingang
A22: KW 5 | B22: 28.01.2026 | C22: 2026 | D22: Januar | E22: Matthias Gugel | F22: Edeka Renningen | G22: Defibrillator | H22: Nicht erfasst | J22: Eingang
A23: KW 6 | B23: 03.02.2026 | C23: 2026 | D23: Februar | E23: Georg Obradovic | F23: FSVWörth 1927 e.V | G23: Kühlanhänger | H23: Nicht erfasst | J23: Eingang
A24: KW 6 | B24: 03.02.2026 | C24: 2026 | D24: Februar | E24: Fatima Eker | F24: Kameradschaftsverein Lö. Oberwohlsbach | G24: Kühlanhänger | H24: Kampagne | I24: Februar | J24: Eingang
A25: KW 6 | B25: 03.02.2026 | C25: 2026 | D25: Februar | E25: Fatima Eker | F25: Schützenverein Schlingen | G25: Kühlanhänger | H25: Kampagne | I25: Februar | J25: Eingang
A26: KW 6 | B26: 03.02.2026 | C26: 2026 | D26: Februar | E26: Fatima Eker | F26: Freiwillige Feuerwehr 1992 Effelder e.V | G26: Hochwasseranhänger | H26: Kampagne | I26: Februar | J26: Eingang
A27: KW 6 | B27: 05.02.2026 | C27: 2026 | D27: Februar | E27: Gerd Henke | F27: SG Eder e.V | G27: Torzähler mobil | H27: Nicht erfasst | J27: Eingang
A28: KW 6 | B28: 05.02.2026 | C28: 2026 | D28: Februar | E28: Gerd Henke | F28: Trägerverein Festhalle Gillersheim | G28: Kühlanhänger | H28: Nicht erfasst | J28: Eingang
A29: KW 6 | B29: 05.02.2026 | C29: 2026 | D29: Februar | E29: Gerd Henke | F29: SVTapfer 06 Leipzig | G29: Torzähler mobil | H29: Nicht erfasst | J29: Eingang
A30: KW 6 | B30: 05.02.2026 | C30: 2026 | D30: Februar | E30: Gerd Henke | F30: FSV Bretnig- Hauswalde e.V | G30: Torzähler mobil | H30: Nicht erfasst | J30: Eingang
A31: KW 6 | B31: 05.02.2026 | C31: 2026 | D31: Februar | E31: Gerd Henke | F31: First Responder Deutschland | G31: Hochwasseranhänger | H31: Nicht erfasst | J31: Eingang
A32: KW 6 | B32: 05.02.2026 | C32: 2026 | D32: Februar | E32: Gabriella Reske | F32: Landjugend Trachtengruppe Ballendorf | G32: Eventanhänger | H32: Nicht erfasst | J32: Eingang
A33: KW 7 | B33: 09.02.2026 | C33: 2026 | D33: Februar | E33: Nicole Schmid | F33: Verein der Sportfreunde Spardorf e.V | G33: Kühlanhänger | H33: Nicht erfasst | J33: Eingang
A34: KW 7 | B34: 09.02.2026 | C34: 2026 | D34: Februar | E34: Fatima Eker | F34: Förderverein FFW Reicholzheim e.V | G34: Kühlanhänger | H34: Kampagne | I34: Februar | J34: Eingang
A35: KW 7 | B35: 09.02.2026 | C35: 2026 | D35: Februar | E35: Fatima Eker | F35: Förderverein d. Feuerwehr Mackenrode e.V | G35: Hochwasseranhänger | H35: Kampagne | I35: Februar | J35: Eingang
A36: KW 7 | B36: 10.02.2026 | C36: 2026 | D36: Februar | E36: Fatima Eker | F36: Gemeinde Lenting | G36: Fahrzeug | H36: Kampagne | I36: Februar | J36: Eingang
A37: KW 7 | B37: 10.02.2026 | C37: 2026 | D37: Februar | E37: Fatima Eker | F37: Gemeinde Lenting | G37: Kühlanhänger | H37: Kampagne | I37: Februar | J37: Eingang
A38: KW 7 | B38: 10.02.2026 | C38: 2026 | D38: Februar | E38: Fatima Eker | F38: Helping Hands oder Rudis Netzwerk | G38: Fahrzeug | H38: Super Chat | J38: Eingang
A39: KW 7 | B39: 10.02.2026 | C39: 2026 | D39: Februar | E39: Fatima Eker | F39: Helping Hands oder Rudis Netzwerk | G39: Hoffnung auf Rädern | H39: Super Chat | J39: Eingang
A40: KW 7 | B40: 11.02.2026 | C40: 2026 | D40: Februar | E40: Fatima Eker | F40: SoccerLife Düren e.V | G40: Torzähler mobil | H40: Kampagne | I40: Februar | J40: Eingang
A41: KW 7 | B41: 11.02.2026 | C41: 2026 | D41: Februar | E41: Fatima Eker | F41: Sportschützenverein Dielheim | G41: Festivalanhänger | H41: Kampagne | I41: Februar | J41: Eingang
A42: KW 7 | B42: 11.02.2026 | C42: 2026 | D42: Februar | E42: Sara Cierpial | F42: Jugendfeuerwehr Hüttlingen | G42: Kühlanhänger | H42: Kampagne | I42: Februar | J42: Eingang
A43: KW 8 | B43: 16.02.2026 | C43: 2026 | D43: Februar | E43: Gerd Henke | F43: Freiwillige FFW Stadt Creußen | G43: Hochwasseranhänger | H43: Nicht erfasst | J43: Eingang
A44: KW 8 | B44: 16.02.2026 | C44: 2026 | D44: Februar | E44: Gerd Henke | F44: 1. FC Iphofen | G44: Torzähler mobil | H44: Nicht erfasst | J44: Eingang
A45: KW 8 | B45: 16.02.2026 | C45: 2026 | D45: Februar | E45: Gabriella Reske | F45: Kultur und Heimatverein Rauenstein | G45: Kühlanhänger | H45: Nicht erfasst | J45: Eingang
A46: KW 8 | B46: 16.02.2026 | C46: 2026 | D46: Februar | E46: Gabriella Reske | F46: DLRG Ortsgruppe Schwanau e.V | G46: Kühlanhänger | H46: Nicht erfasst | J46: Eingang
A47: KW 8 | B47: 17.02.2026 | C47: 2026 | D47: Februar | E47: Daniela Knopke | F47: V-Baumarkt Landsberg | G47: Kassenbildschirm | H47: Nicht erfasst | J47: Eingang
A48: KW 8 | B48: 17.02.2026 | C48: 2026 | D48: Februar | E48: Fatima Eker | F48: Förderverein Feuerwehr Laupheim e.V | G48: Kühlanhänger | H48: Kampagne | I48: Februar | J48: Eingang
A49: KW 9 | B49: 23.02.2026 | C49: 2026 | D49: Februar | E49: Fatima Eker | F49: Feuerwehrverein Despetal e.V | G49: Kühlanhänger | H49: Kampagne | I49: Februar | J49: Eingang
A50: KW 9 | B50: 24.02.2026 | C50: 2026 | D50: Februar | E50: Uli Keil | F50: Sportverein Bonlanden e.V | G50: Torzähler Plus | H50: Nicht erfasst | J50: Eingang
A51: KW 9 | B51: 24.02.2026 | C51: 2026 | D51: Februar | E51: Drilan Veseli | F51: Pflegeheim Fritz | G51: Fahrzeug | H51: Nicht erfasst | J51: Eingang
A52: KW 9 | B52: 26.02.2026 | C52: 2026 | D52: Februar | E52: Nicole Schmid | F52: Freiwillige Feuerwehr Affaltern e.V | G52: Hochwasseranhänger | H52: Nicht erfasst | J52: Eingang
A53: KW 10 | B53: 02.03.2026 | C53: 2026 | D53: März | E53: Gabriella Reske | F53: Gemeinde Friemar | G53: Defibrillator | H53: Nicht erfasst | J53: Eingang
A54: KW 10 | B54: 02.03.2026 | C54: 2026 | D54: März | E54: Fatima Eker | F54: Feuerwehr Vach | G54: Kühlanhänger | H54: Super Chat | J54: Eingang
A55: KW 10 | B55: 02.03.2026 | C55: 2026 | D55: März | E55: Fatima Eker | F55: Ballonsport die Pälzer | G55: Kühlanhänger | H55: Kampagne | I55: März | J55: Eingang
A56: KW 10 | B56: 03.03.2026 | C56: 2026 | D56: März | E56: Sara Cierpial | F56: Kreisjugendfeuerwehr Goslar | G56: Kühlanhänger | H56: Kampagne | I56: März | J56: Eingang
A57: KW 10 | B57: 03.03.2026 | C57: 2026 | D57: März | E57: Sara Cierpial | F57: Feuerwehr Grünberg Mitte | G57: Kühlanhänger | H57: Kampagne | I57: März | J57: Eingang
A58: KW 10 | B58: 05.03.2026 | C58: 2026 | D58: März | E58: Salvatore Domante | F58: Freiwillige Feuerwehr Breitenbach e.V | G58: Kühlanhänger | H58: Nicht erfasst | J58: Eingang
A59: KW 10 | B59: 05.03.2026 | C59: 2026 | D59: März | E59: Gerd Henke | F59: DJK SV Tinnen | G59: Torzähler mobil | H59: Nicht erfasst | J59: Eingang
A60: KW 10 | B60: 05.03.2026 | C60: 2026 | D60: März | E60: Gerd Henke | F60: DRK OV Bad Ems | G60: Defibrillator | H60: Nicht erfasst | J60: Eingang
A61: KW 11 | B61: 10.03.2026 | C61: 2026 | D61: März | E61: Fatima Eker | F61: Förderverein der FFW Albstadt Abt. Ebingen | G61: Kühlanhänger | H61: Super Chat | J61: Eingang
A62: KW 11 | B62: 10.03.2026 | C62: 2026 | D62: März | E62: Fatima Eker | F62: Caritas Sozialstation St. Johannes e.V | G62: Fahrzeug | H62: Folgeprojekt | J62: Eingang
A63: KW 11 | B63: 10.03.2026 | C63: 2026 | D63: März | E63: Fatima Eker | F63: Förderverein Feuerwehr Arle | G63: Kühlanhänger | H63: Kampagne | I63: März | J63: Eingang
A64: KW 11 | B64: 10.03.2026 | C64: 2026 | D64: März | E64: Gabriella Reske | F64: FV Mönchberg e.V | G64: Kühlanhänger | H64: Nicht erfasst | J64: Eingang
A65: KW 11 | B65: 10.03.2026 | C65: 2026 | D65: März | E65: Gabriella Reske | F65: Waldenfelser Nachtschreck | G65: Kühlanhänger | H65: Nicht erfasst | J65: Eingang
A66: KW 11 | B66: 11.03.2026 | C66: 2026 | D66: März | E66: Gabriella Reske | F66: Freiwillige Feuerwehr Mainsbaum | G66: Kühlanhänger | H66: Nicht erfasst | J66: Eingang
A67: KW 11 | B67: 12.03.2026 | C67: 2026 | D67: März | E67: Gabriella Reske | F67: DRK Kreisverband Nürtingen Kirchheim Teck | G67: Kühlanhänger | H67: Nicht erfasst | J67: Eingang
A68: KW 11 | B68: 13.03.2026 | C68: 2026 | D68: März | E68: Gabriella Reske | F68: Freiwillige Feuerwehr Steinsdorf | G68: Kühlanhänger | H68: Nicht erfasst | J68: Eingang
A69: KW 12 | B69: 17.03.2026 | C69: 2026 | D69: März | E69: Drilan Veseli | F69: Sozialwerk Bethesda - Haus Salem | G69: Fahrzeug | H69: Nicht erfasst | J69: Eingang
A70: KW 12 | B70: 17.03.2026 | C70: 2026 | D70: März | E70: Gabriella Reske | F70: evenzkreis e.V | G70: Festivalanhänger | H70: Nicht erfasst | J70: Eingang
A71: KW 12 | B71: 17.03.2026 | C71: 2026 | D71: März | E71: Gabriella Reske | F71: Neulermer Narren 1906 e.V | G71: Kühlanhänger | H71: Nicht erfasst | J71: Eingang
A72: KW 12 | B72: 19.03.2026 | C72: 2026 | D72: März | E72: Fatima Eker | F72: Förderverein FFW Sandweier e.V | G72: Kühlanhänger | H72: Kampagne | I72: März | J72: Eingang
A73: KW 12 | B73: 19.03.2026 | C73: 2026 | D73: März | E73: Fatima Eker | F73: Förderverein der FFW Neukloster e.V | G73: Kühlanhänger | H73: Kampagne | I73: März | J73: Eingang
A74: KW 12 | B74: 19.03.2026 | C74: 2026 | D74: März | E74: Fatima Eker | F74: THW Herlferverein Wardenburg e.V | G74: Kühlanhänger | H74: Kampagne | I74: März | J74: Eingang
A75: KW 12 | B75: 20.03.2026 | C75: 2026 | D75: März | E75: Gerd Henke | F75: Feuerwehrförderverein Hausen e.V | G75: Kühlanhänger | H75: Nicht erfasst | J75: Eingang
A76: KW 13 | B76: 26.03.2026 | C76: 2026 | D76: März | E76: Fatima Eker | F76: Musikverein Ringschnait | G76: Kühlanhänger | H76: Direkt | J76: Eingang
A77: KW 13 | B77: 26.03.2026 | C77: 2026 | D77: März | E77: Fatima Eker | F77: Neulermer Schlierbachfetzer | G77: Kühlanhänger | H77: Kampagne | I77: März | J77: Eingang
A78: KW 15 | B78: 07.04.2026 | C78: 2026 | D78: April | E78: Fatima Eker | F78: SV Kleinochsenfurt 1929/49 e.V | G78: Festivalanhänger | H78: Kampagne | I78: April | J78: Eingang
A79: KW 15 | B79: 07.04.2026 | C79: 2026 | D79: April | E79: Fatima Eker | F79: Freiwillige Feuerwehr Rudelstetten e.V | G79: Hochwasseranhänger | H79: Kampagne | I79: April | J79: Eingang
A80: KW 15 | B80: 07.04.2026 | C80: 2026 | D80: April | E80: Fatima Eker | F80: SV Plüderhausen e.V | G80: Kühlanhänger | H80: Kampagne | I80: April | J80: Eingang
A81: KW 15 | B81: 07.04.2026 | C81: 2026 | D81: April | E81: Fatima Eker | F81: Kloster- Hexen Alpirsbach e.V | G81: Kühlanhänger | H81: Kampagne | I81: April | J81: Eingang
A82: KW 15 | B82: 07.04.2026 | C82: 2026 | D82: April | E82: Gabriella Reske | F82: Weitinger Vereinsgemeinschaft e.V | G82: Kühlanhänger | H82: Nicht erfasst | J82: Eingang
A83: KW 15 | B83: 07.04.2026 | C83: 2026 | D83: April | E83: Gabriella Reske | F83: Feuerwehr Lahnau e.V | G83: Kühlanhänger | H83: Nicht erfasst | J83: Eingang
A84: KW 15 | B84: 08.04.2026 | C84: 2026 | D84: April | E84: Gabriella Reske | F84: Freiwillige Feuerwehr Aislingen | G84: Kühlanhänger | H84: Nicht erfasst | J84: Eingang
A85: KW 15 | B85: 09.04.2026 | C85: 2026 | D85: April | E85: Gabriella Reske | F85: VFL Oberjettingen e.V | G85: Kühlanhänger | H85: Nicht erfasst | J85: Eingang
A86: KW 16 | B86: 46125 | C86: 2026 | D86: April | E86: Gabriella Reske | F86: Freiwillige Feuerwehr Toppenstedt | G86: Kühlanhänger | H86: Nicht erfasst | J86: Eingang
A87: KW 16 | B87: 46126 | C87: 2026 | D87: April | E87: Gabriella Reske | F87: Gemeinde Friemar - Feuerwehr Friemar | G87: Kühlanhänger | H87: Nicht erfasst | J87: Eingang
A88: KW 16 | B88: 46126 | C88: 2026 | D88: April | E88: Gabriella Reske | F88: Musikverein Mittelbuch e.V | G88: Kühlanhänger | H88: Nicht erfasst | J88: Eingang
A89: KW 16 | B89: 46126 | C89: 2026 | D89: April | E89: Gabriella Reske | F89: Förderverein FFW Bühne | G89: Brandschutzmobil | H89: Nicht erfasst | J89: Eingang
A90: KW 17 | B90: 46132 | C90: 2026 | D90: April | E90: Gabriella Reske | F90: DLRG Tangermuende e.V | G90: Eventmobil | H90: Kampagne | I90: April | J90: Éingang
A91: KW 17 | B91: 46132 | C91: 2026 | D91: April | E91: Gabriella Reske | F91: Foerderverein HvO FW Eigeltingen | G91: Brandschutzmobil | H91: Nicht erfasst | J91: Eingang
A92: KW 17 | B92: 46132 | C92: 2026 | D92: April | E92: Salvatore Domante | F92: Loeschzug Niedersfeld e.V | G92: Kühlanhänger | H92: Nicht erfasst | J92: Eingang
A93: KW 17 | B93: 46133 | C93: 2026 | D93: April | E93: Gabriella Reske | F93: Feuerwehr Schmidmühlen | G93: Kühlanhänger | H93: Kampagne | I93: April | J93: Eingang
A94: KW 17 | B94: 46135 | C94: 2026 | D94: April | E94: Sara Cierpial | F94: S.O.S Hoffnung für Pfötchen | G94: Fahrzeug | H94: Nicht erfasst | J94: Eingang
A95: KW 17 | B95: 46135 | C95: 2026 | D95: April | E95: Fatima Eker | F95: THW Ortsverband Haßmersheim | G95: Kühlanhänger | H95: Kampagne | I95: April | J95: Eingang
A96: KW 17 | B96: 46135 | C96: 2026 | D96: April | E96: Oli Kaufmann | F96: SV Althegnenberg | G96: Torzähler Mobil | H96: Sonstige | J96: Eingang
A97: KW 18 | B97: 46141 | C97: 2026 | D97: April | E97: Dejan Prijovic | F97: Freiwillige Feuerwehr Loch | G97: Kühlanhänger | H97: Nicht erfasst | J97: Eingang
A98: KW 18 | B98: 46141 | C98: 2026 | D98: April | E98: Fatima Eker | F98: Stiftung Kinderhilfe Fürstenfeldbruck | G98: Fahrzeug | H98: Folgeprojekt | J98: Eingang
A99: KW 18 | B99: 46141 | C99: 2026 | D99: April | E99: Fatima Eker | F99: Diakoniestation Albachtal e.V | G99: Fahrzeug | H99: Folgeprojekt | J99: Eingang
A100: KW 18 | B100: 46141 | C100: 2026 | D100: April | E100: Fatima Eker | F100: DLRG Ortsgruppe Rastede e.V | G100: Kühlanhänger | H100: Kampagne | I100: April | J100: Eingang
A101: KW 18 | B101: 46141 | C101: 2026 | D101: April | E101: Gabriella Reske | F101: Förderverein der FFW Sangerhausen | G101: Eventmobil | H101: Kampagne | I101: April | J101: Eingang
A102: KW 18 | B102: 46141 | C102: 2026 | D102: April | E102: Gabriella Reske | F102: Trachtenmusikkapelle Tauplitz | G102: Anhänger | H102: Direkt | J102: Eingang
...

Sheet Leads Rohdaten
A1: ROHDATEN – Leads & Conversion Rate
A2: → Leads pro Monat + Verkäufer.
A3: Jahr | B3: Monat | C3: Verkäufer | D3: Leads | E3: Verträge | F3: Stornos | G3: Conv. Rate | H3: Status
A4: 2025 | B4: Oktober | C4: Fatima Eker | D4: 228 | E4: 17 | F4: 0 | G4: =IF(D4=0,"-",E4/D4) -> 0.074561404 | H4: =IF(OR(A4="",B4=""),"",IF(EOMONTH(DATE(A4,MATCH(B4,{"Januar","Februar","März","April","Mai","Juni","Juli","August","September","Oktober","November","Dezember"},0),1),0)<=TODAY()-Steuerung!$C$27,"Reif","Frisch")) -> Reif
A5: 2025 | B5: Oktober | C5: Sara Cierpial | D5: 89 | E5: 1 | F5: 0 | G5: =IF(D5=0,"-",E5/D5) -> 0.011235955 | H5: =IF(OR(A5="",B5=""),"",IF(EOMONTH(DATE(A5,MATCH(B5,{"Januar","Februar","März","April","Mai","Juni","Juli","August","September","Oktober","November","Dezember"},0),1),0)<=TODAY()-Steuerung!$C$27,"Reif","Frisch")) -> Reif
A6: 2025 | B6: Oktober | C6: Gerd Henke | D6: 167 | E6: 6 | F6: 0 | G6: =IF(D6=0,"-",E6/D6) -> 0.035928144 | H6: =IF(OR(A6="",B6=""),"",IF(EOMONTH(DATE(A6,MATCH(B6,{"Januar","Februar","März","April","Mai","Juni","Juli","August","September","Oktober","November","Dezember"},0),1),0)<=TODAY()-Steuerung!$C$27,"Reif","Frisch")) -> Reif
A7: 2025 | B7: November | C7: Sara Cierpial | D7: 56 | E7: 0 | F7: 0 | G7: =IF(D7=0,"-",E7/D7) -> 0 | H7: =IF(OR(A7="",B7=""),"",IF(EOMONTH(DATE(A7,MATCH(B7,{"Januar","Februar","März","April","Mai","Juni","Juli","August","September","Oktober","November","Dezember"},0),1),0)<=TODAY()-Steuerung!$C$27,"Reif","Frisch")) -> Reif
A8: 2025 | B8: November | C8: Fatima Eker | D8: 79 | E8: 6 | F8: 0 | G8: =IF(D8=0,"-",E8/D8) -> 0.075949367 | H8: =IF(OR(A8="",B8=""),"",IF(EOMONTH(DATE(A8,MATCH(B8,{"Januar","Februar","März","April","Mai","Juni","Juli","August","September","Oktober","November","Dezember"},0),1),0)<=TODAY()-Steuerung!$C$27,"Reif","Frisch")) -> Reif
A9: 2025 | B9: Dezember | C9: Gerd Henke | D9: 17 | E9: 0 | F9: 0 | G9: =IF(D9=0,"-",E9/D9) -> 0 | H9: =IF(OR(A9="",B9=""),"",IF(EOMONTH(DATE(A9,MATCH(B9,{"Januar","Februar","März","April","Mai","Juni","Juli","August","September","Oktober","November","Dezember"},0),1),0)<=TODAY()-Steuerung!$C$27,"Reif","Frisch")) -> Reif
A10: 2025 | B10: Dezember | C10: Sara Cierpial | D10: 9 | E10: 0 | F10: 0 | G10: =IF(D10=0,"-",E10/D10) -> 0 | H10: =IF(OR(A10="",B10=""),"",IF(EOMONTH(DATE(A10,MATCH(B10,{"Januar","Februar","März","April","Mai","Juni","Juli","August","September","Oktober","November","Dezember"},0),1),0)<=TODAY()-Steuerung!$C$27,"Reif","Frisch")) -> Reif
A11: 2026 | B11: Januar | C11: Fatima Eker | D11: 146 | E11: 13 | F11: 0 | G11: =IF(D11=0,"-",E11/D11) -> 0.089041096 | H11: =IF(OR(A11="",B11=""),"",IF(EOMONTH(DATE(A11,MATCH(B11,{"Januar","Februar","März","April","Mai","Juni","Juli","August","September","Oktober","November","Dezember"},0),1),0)<=TODAY()-Steuerung!$C$27,"Reif","Frisch")) -> Reif
A12: 2026 | B12: Januar | C12: Sara Cierpial | D12: 169 | E12: 6 | F12: 0 | G12: =IF(D12=0,"-",E12/D12) -> 0.035502959 | H12: =IF(OR(A12="",B12=""),"",IF(EOMONTH(DATE(A12,MATCH(B12,{"Januar","Februar","März","April","Mai","Juni","Juli","August","September","Oktober","November","Dezember"},0),1),0)<=TODAY()-Steuerung!$C$27,"Reif","Frisch")) -> Reif
A13: 2026 | B13: Januar | C13: Gerd Henke | D13: 9 | E13: 2 | F13: 0 | G13: =IF(D13=0,"-",E13/D13) -> 0.22222222 | H13: =IF(OR(A13="",B13=""),"",IF(EOMONTH(DATE(A13,MATCH(B13,{"Januar","Februar","März","April","Mai","Juni","Juli","August","September","Oktober","November","Dezember"},0),1),0)<=TODAY()-Steuerung!$C$27,"Reif","Frisch")) -> Reif
A14: 2026 | B14: Januar | C14: Gabriella Reske | D14: 0 | E14: 0 | F14: 0 | G14: =IF(D14=0,"-",E14/D14) -> - | H14: =IF(OR(A14="",B14=""),"",IF(EOMONTH(DATE(A14,MATCH(B14,{"Januar","Februar","März","April","Mai","Juni","Juli","August","September","Oktober","November","Dezember"},0),1),0)<=TODAY()-Steuerung!$C$27,"Reif","Frisch")) -> Reif
A15: 2026 | B15: Januar | C15: Nicole Schmid | D15: 257 | E15: 0 | F15: 0 | G15: =IF(D15=0,"-",E15/D15) -> 0 | H15: =IF(OR(A15="",B15=""),"",IF(EOMONTH(DATE(A15,MATCH(B15,{"Januar","Februar","März","April","Mai","Juni","Juli","August","September","Oktober","November","Dezember"},0),1),0)<=TODAY()-Steuerung!$C$27,"Reif","Frisch")) -> Reif
... A33: 2026 | B33: Juni | C33: Fatima Eker | D33: 29 | E33: 15 | F33: 0 | G33: =IF(D33=0,"-",E33/D33) -> 0.51724138 | H33: =IF(OR(A33="",B33=""),"",IF(EOMONTH(DATE(A33,MATCH(B33,{"Januar","Februar","März","April","Mai","Juni","Juli","August","September","Oktober","November","Dezember"},0),1),0)<=TODAY()-Steuerung!$C$27,"Reif","Frisch")) -> Frisch
A34: 2026 | B34: Juni | C34: Gabriella Reske | D34: 11 | E34: 1 | G34: =IF(D34=0,"-",E34/D34) -> 0.090909091 | H34: =IF(OR(A34="",B34=""),"",IF(EOMONTH(DATE(A34,MATCH(B34,{"Januar","Februar","März","April","Mai","Juni","Juli","August","September","Oktober","November","Dezember"},0),1),0)<=TODAY()-Steuerung!$C$27,"Reif","Frisch")) -> Frisch
G35: =IF(D35=0,"-",E35/D35) -> - | H35: =IF(OR(A35="",B35=""),"",IF(EOMONTH(DATE(A35,MATCH(B35,{"Januar","Februar","März","April","Mai","Juni","Juli","August","September","Oktober","November","Dezember"},0),1),0)<=TODAY()-Steuerung!$C$27,"Reif","Frisch"))
G36: =IF(D36=0,"-",E36/D36) -> - | H36: =IF(OR(A36="",B36=""),"",IF(EOMONTH(DATE(A36,MATCH(B36,{"Januar","Februar","März","April","Mai","Juni","Juli","August","September","Oktober","November","Dezember"},0),1),0)<=TODAY()-Steuerung!$C$27,"Reif","Frisch"))
G37: =IF(D37=0,"-",E37/D37) -> - | H37: =IF(OR(A37="",B37=""),"",IF(EOMONTH(DATE(A37,MATCH(B37,{"Januar","Februar","März","April","Mai","Juni","Juli","August","September","Oktober","November","Dezember"},0),1),0)<=TODAY()-Steuerung!$C$27,"Reif","Frisch"))
G38: =IF(D38=0,"-",E38/D38) -> - | H38: =IF(OR(A38="",B38=""),"",IF(EOMONTH(DATE(A38,MATCH(B38,{"Januar","Februar","März","April","Mai","Juni","Juli","August","September","Oktober","November","Dezember"},0),1),0)<=TODAY()-Steuerung!$C$27,"Reif","Frisch"))
G39: =IF(D39=0,"-",E39/D39) -> - | H39: =IF(OR(A39="",B39=""),"",IF(EOMONTH(DATE(A39,MATCH(B39,{"Januar","Februar","März","April","Mai","Juni","Juli","August","September","Oktober","November","Dezember"},0),1),0)<=TODAY()-Steuerung!$C$27,"Reif","Frisch"))
G40: =IF(D40=0,"-",E40/D40) -> - | H40: =IF(OR(A40="",B40=""),"",IF(EOMONTH(DATE(A40,MATCH(B40,{"Januar","Februar","März","April","Mai","Juni","Juli","August","September","Oktober","November","Dezember"},0),1),0)<=TODAY()-Steuerung!$C$27,"Reif","Frisch"))
G41: =IF(D41=0,"-",E41/D41) -> - | H41: =IF(OR(A41="",B41=""),"",IF(EOMONTH(DATE(A41,MATCH(B41,{"Januar","Februar","März","April","Mai","Juni","Juli","August","September","Oktober","November","Dezember"},0),1),0)<=TODAY()-Steuerung!$C$27,"Reif","Frisch"))
G42: =IF(D42=0,"-",E42/D42) -> - | H42: =IF(OR(A42="",B42=""),"",IF(EOMONTH(DATE(A42,MATCH(B42,{"Januar","Februar","März","April","Mai","Juni","Juli","August","September","Oktober","November","Dezember"},0),1),0)<=TODAY()-Steuerung!$C$27,"Reif","Frisch"))
G43: =IF(D43=0,"-",E43/D43) -> - | H43: =IF(OR(A43="",B43=""),"",IF(EOMONTH(DATE(A43,MATCH(B43,{"Januar","Februar","März","April","Mai","Juni","Juli","August","September","Oktober","November","Dezember"},0),1),0)<=TODAY()-Steuerung!$C$27,"Reif","Frisch"))
G44: =IF(D44=0,"-",E44/D44) -> - | H44: =IF(OR(A44="",B44=""),"",IF(EOMONTH(DATE(A44,MATCH(B44,{"Januar","Februar","März","April","Mai","Juni","Juli","August","September","Oktober","November","Dezember"},0),1),0)<=TODAY()-Steuerung!$C$27,"Reif","Frisch"))
G45: =IF(D45=0,"-",E45/D45) -> - | H45: =IF(OR(A45="",B45=""),"",IF(EOMONTH(DATE(A45,MATCH(B45,{"Januar","Februar","März","April","Mai","Juni","Juli","August","September","Oktober","November","Dezember"},0),1),0)<=TODAY()-Steuerung!$C$27,"Reif","Frisch"))
G46: =IF(D46=0,"-",E46/D46) -> - | H46: =IF(OR(A46="",B46=""),"",IF(EOMONTH(DATE(A46,MATCH(B46,{"Januar","Februar","März","April","Mai","Juni","Juli","August","September","Oktober","November","Dezember"},0),1),0)<=TODAY()-Steuerung!$C$27,"Reif","Frisch"))
... G503: =IF(D503=0,"-",E503/D503) -> - | H503: =IF(OR(A503="",B503=""),"",IF(EOMONTH(DATE(A503,MATCH(B503,{"Januar","Februar","März","April","Mai","Juni","Juli","August","September","Oktober","November","Dezember"},0),1),0)<=TODAY()-Steuerung!$C$27,"Reif","Frisch"))
A504: 2026 | B504: Juli | C504: David Eirich | D504: 21 | E504: 15 | F504: 0 | G504: =IF(D504=0,"-",E504/D504) -> 0.71428571 | H504: =IF(OR(A504="",B504=""),"",IF(EOMONTH(DATE(A504,MATCH(B504,{"Januar","Februar","März","April","Mai","Juni","Juli","August","September","Oktober","November","Dezember"},0),1),0)<=TODAY()-Steuerung!$C$27,"Reif","Frisch")) -> Frisch

Sheet Steuerung
A1: STEUERUNG – Zentrale Verkäufer-Verwaltung
A2: → Hier alle Verkäufer pflegen. Dashboard liest automatisch. GELBE FELDER = bearbeitbar.
A4: HAUPTVERKÄUFER (für Conversion-Rate-Block, max. 6 Slots)
A5: Nr. | B5: Vollname (für Formeln) | C5: Anzeige (Dashboard) | D5: Status
A6: 1 | B6: Fatima Eker | C6: Fatima | D6: Aktiv
A7: 2 | B7: Gabriella Reske | C7: Gabriella | D7: Aktiv
A8: 3 | B8: Gerd Henke | C8: Gerd | D8: Aktiv
A9: 4 | B9: David Eirich | C9: David | D9: Aktiv (NEU)
A10: 5
A11: 6
A14: ALLE AKTIVEN VERKÄUFER (für KW-Tabelle, max. 8 Slots)
A15: Nr. | B15: Vollname (für Formeln) | C15: Anzeige (Dashboard) | E15: Hinweis
A16: 1 | B16: Fatima Eker | C16: Fatima
A17: 2 | B17: Gabriella Reske | C17: Gabriella
A18: 3 | B18: Gerd Henke | C18: Gerd
A19: 4 | B19: David Eirich | C19: David
A20: 5 | B20: Nicole Schmid | C20: Nicole
A21: 6 | B21: Drilan Veseli | C21: Drilan
A22: 7 | B22: Salvatore Domante | C22: Salvat.
A23: 8 | E23: ← Slot 8 nicht nutzbar (reserviert für 'Sonstige')
A26: EINSTELLUNGEN
B27: Lead Maturity (Tage) | C27: 90 | E27: Reife-Schwelle für Conv-Rate (B2B-Standard: 60-90)
B28: Standard-Jahr-Filter | C28: 2026 | E28: Wird beim Öffnen angezeigt
